26,21,19,27,80,66,41,48,18
21,19,27,80,66,41,48,18,6
19,27,80,66,41,48,18,6,25
27,80,66,41,48,18,6,25,48
80,66,41,48,18,6,25,48,10
66,41,48,18,6,25,48,10,29
41,48,18,6,25,48,10,29,9
48,18,6,25,48,10,29,9,24
18,6,25,48,10,29,9,24,27
6,25,48,10,29,9,24,27,17
25,48,10,29,9,24,27,17,64
48,10,29,9,24,27,17,64,61
10,29,9,24,27,17,64,61,30
29,9,24,27,17,64,61,30,22
9,24,27,17,64,61,30,22,31
6,13,46,32,4,0,4,12,8
13,46,32,4,0,4,12,8,11
46,32,4,0,4,12,8,11,26
32,4,0,4,12,8,11,26,46
4,0,4,12,8,11,26,46,42
0,4,12,8,11,26,46,42,65
4,12,8,11,26,46,42,65,2
12,8,11,26,46,42,65,2,27
8,11,26,46,42,65,2,27,13
11,26,46,42,65,2,27,13,51
26,46,42,65,2,27,13,51,0
46,42,65,2,27,13,51,0,24
42,65,2,27,13,51,0,24,28
65,2,27,13,51,0,24,28,5
2,27,13,51,0,24,28,5,4
4,9,62,46,6,7,36,58,27
9,62,46,6,7,36,58,27,26
62,46,6,7,36,58,27,26,40
46,6,7,36,58,27,26,40,23
6,7,36,58,27,26,40,23,38
7,36,58,27,26,40,23,38,17
36,58,27,26,40,23,38,17,50
58,27,26,40,23,38,17,50,9
27,26,40,23,38,17,50,9,29
26,40,23,38,17,50,9,29,41
40,23,38,17,50,9,29,41,57
23,38,17,50,9,29,41,57,15
38,17,50,9,29,41,57,15,16
17,50,9,29,41,57,15,16,13
50,9,29,41,57,15,16,13,27
26,37,22,22,23,31,17,27,25
37,22,22,23,31,17,27,25,5
22,22,23,31,17,27,25,5,10
22,23,31,17,27,25,5,10,21
23,31,17,27,25,5,10,21,11
31,17,27,25,5,10,21,11,2
17,27,25,5,10,21,11,2,9
27,25,5,10,21,11,2,9,10
25,5,10,21,11,2,9,10,5
5,10,21,11,2,9,10,5,39
10,21,11,2,9,10,5,39,9
21,11,2,9,10,5,39,9,17
11,2,9,10,5,39,9,17,8
2,9,10,5,39,9,17,8,0
9,10,5,39,9,17,8,0,16
1,19,4,0,18,34,5,9,27
19,4,0,18,34,5,9,27,4
4,0,18,34,5,9,27,4,11
0,18,34,5,9,27,4,11,17
18,34,5,9,27,4,11,17,8
34,5,9,27,4,11,17,8,12
5,9,27,4,11,17,8,12,0
9,27,4,11,17,8,12,0,1
27,4,11,17,8,12,0,1,34
4,11,17,8,12,0,1,34,6
11,17,8,12,0,1,34,6,14
17,8,12,0,1,34,6,14,3
8,12,0,1,34,6,14,3,22
12,0,1,34,6,14,3,22,5
0,1,34,6,14,3,22,5,7
17,25,18,29,7,22,37,11,18
25,18,29,7,22,37,11,18,29
18,29,7,22,37,11,18,29,9
29,7,22,37,11,18,29,9,2
7,22,37,11,18,29,9,2,9
22,37,11,18,29,9,2,9,14
37,11,18,29,9,2,9,14,19
11,18,29,9,2,9,14,19,12
18,29,9,2,9,14,19,12,18
29,9,2,9,14,19,12,18,24
9,2,9,14,19,12,18,24,9
2,9,14,19,12,18,24,9,26
9,14,19,12,18,24,9,26,9
14,19,12,18,24,9,26,9,22
19,12,18,24,9,26,9,22,27
17,11,23,8,6,4,11,5,2
11,23,8,6,4,11,5,2,20
23,8,6,4,11,5,2,20,10
8,6,4,11,5,2,20,10,16
6,4,11,5,2,20,10,16,15
4,11,5,2,20,10,16,15,6
11,5,2,20,10,16,15,6,0
5,2,20,10,16,15,6,0,5
2,20,10,16,15,6,0,5,20
20,10,16,15,6,0,5,20,14
10,16,15,6,0,5,20,14,16
16,15,6,0,5,20,14,16,12
15,6,0,5,20,14,16,12,20
6,0,5,20,14,16,12,20,25
0,5,20,14,16,12,20,25,20
19,4,15,23,10,4,18,20,20
4,15,23,10,4,18,20,20,34
15,23,10,4,18,20,20,34,31
23,10,4,18,20,20,34,31,41
10,4,18,20,20,34,31,41,12
4,18,20,20,34,31,41,12,7
18,20,20,34,31,41,12,7,19
20,20,34,31,41,12,7,19,24
20,34,31,41,12,7,19,24,9
34,31,41,12,7,19,24,9,25
31,41,12,7,19,24,9,25,31
41,12,7,19,24,9,25,31,16
12,7,19,24,9,25,31,16,1
7,19,24,9,25,31,16,1,0
19,24,9,25,31,16,1,0,6
7,7,31,32,20,6,24,41,92
7,31,32,20,6,24,41,92,29
31,32,20,6,24,41,92,29,17
32,20,6,24,41,92,29,17,9
20,6,24,41,92,29,17,9,12
6,24,41,92,29,17,9,12,22
24,41,92,29,17,9,12,22,15
41,92,29,17,9,12,22,15,32
92,29,17,9,12,22,15,32,24
29,17,9,12,22,15,32,24,3
17,9,12,22,15,32,24,3,11
9,12,22,15,32,24,3,11,21
12,22,15,32,24,3,11,21,14
22,15,32,24,3,11,21,14,9
15,32,24,3,11,21,14,9,9
-1,6,9,10,22,14,20,21,20
6,9,10,22,14,20,21,20,7
9,10,22,14,20,21,20,7,8
10,22,14,20,21,20,7,8,27
22,14,20,21,20,7,8,27,4
14,20,21,20,7,8,27,4,18
20,21,20,7,8,27,4,18,23
21,20,7,8,27,4,18,23,6
20,7,8,27,4,18,23,6,24
7,8,27,4,18,23,6,24,26
8,27,4,18,23,6,24,26,49
27,4,18,23,6,24,26,49,5
4,18,23,6,24,26,49,5,21
18,23,6,24,26,49,5,21,0
23,6,24,26,49,5,21,0,14
39,23,25,27,80,55,32,53,15
23,25,27,80,55,32,53,15,7
25,27,80,55,32,53,15,7,21
27,80,55,32,53,15,7,21,56
80,55,32,53,15,7,21,56,10
55,32,53,15,7,21,56,10,23
32,53,15,7,21,56,10,23,4
53,15,7,21,56,10,23,4,16
15,7,21,56,10,23,4,16,25
7,21,56,10,23,4,16,25,26
21,56,10,23,4,16,25,26,52
56,10,23,4,16,25,26,52,59
10,23,4,16,25,26,52,59,32
23,4,16,25,26,52,59,32,20
4,16,25,26,52,59,32,20,26
6,22,44,35,6,0,0,7,8
22,44,35,6,0,0,7,8,6
44,35,6,0,0,7,8,6,17
35,6,0,0,7,8,6,17,38
6,0,0,7,8,6,17,38,39
0,0,7,8,6,17,38,39,61
0,7,8,6,17,38,39,61,2
7,8,6,17,38,39,61,2,25
8,6,17,38,39,61,2,25,7
6,17,38,39,61,2,25,7,62
17,38,39,61,2,25,7,62,2
38,39,61,2,25,7,62,2,26
39,61,2,25,7,62,2,26,19
61,2,25,7,62,2,26,19,9
2,25,7,62,2,26,19,9,7
4,4,63,46,5,19,37,54,16
4,63,46,5,19,37,54,16,25
63,46,5,19,37,54,16,25,44
46,5,19,37,54,16,25,44,22
5,19,37,54,16,25,44,22,27
19,37,54,16,25,44,22,27,16
37,54,16,25,44,22,27,16,45
54,16,25,44,22,27,16,45,3
16,25,44,22,27,16,45,3,36
25,44,22,27,16,45,3,36,38
44,22,27,16,45,3,36,38,57
22,27,16,45,3,36,38,57,9
27,16,45,3,36,38,57,9,19
16,45,3,36,38,57,9,19,16
45,3,36,38,57,9,19,16,28
39,42,19,23,21,20,23,22,33
42,19,23,21,20,23,22,33,9
19,23,21,20,23,22,33,9,9
23,21,20,23,22,33,9,9,20
21,20,23,22,33,9,9,20,14
20,23,22,33,9,9,20,14,-1
23,22,33,9,9,20,14,-1,-1
22,33,9,9,20,14,-1,-1,3
33,9,9,20,14,-1,-1,3,6
9,9,20,14,-1,-1,3,6,39
9,20,14,-1,-1,3,6,39,2
20,14,-1,-1,3,6,39,2,8
14,-1,-1,3,6,39,2,8,9
-1,-1,3,6,39,2,8,9,0
-1,3,6,39,2,8,9,0,21
1,22,4,0,15,23,9,6,13
22,4,0,15,23,9,6,13,6
4,0,15,23,9,6,13,6,5
0,15,23,9,6,13,6,5,12
15,23,9,6,13,6,5,12,3
23,9,6,13,6,5,12,3,13
9,6,13,6,5,12,3,13,0
6,13,6,5,12,3,13,0,0
13,6,5,12,3,13,0,0,29
6,5,12,3,13,0,0,29,15
5,12,3,13,0,0,29,15,26
12,3,13,0,0,29,15,26,3
3,13,0,0,29,15,26,3,14
13,0,0,29,15,26,3,14,5
0,0,29,15,26,3,14,5,10
10,28,49,41,8,15,32,12,15
28,49,41,8,15,32,12,15,17
49,41,8,15,32,12,15,17,10
41,8,15,32,12,15,17,10,5
8,15,32,12,15,17,10,5,0
15,32,12,15,17,10,5,0,7
32,12,15,17,10,5,0,7,13
12,15,17,10,5,0,7,13,10
15,17,10,5,0,7,13,10,12
17,10,5,0,7,13,10,12,23
10,5,0,7,13,10,12,23,5
5,0,7,13,10,12,23,5,27
0,7,13,10,12,23,5,27,14
7,13,10,12,23,5,27,14,20
13,10,12,23,5,27,14,20,23
17,9,25,6,6,11,2,6,6
9,25,6,6,11,2,6,6,10
25,6,6,11,2,6,6,10,8
6,6,11,2,6,6,10,8,7
6,11,2,6,6,10,8,7,14
11,2,6,6,10,8,7,14,0
2,6,6,10,8,7,14,0,0
6,6,10,8,7,14,0,0,12
6,10,8,7,14,0,0,12,21
10,8,7,14,0,0,12,21,11
8,7,14,0,0,12,21,11,27
7,14,0,0,12,21,11,27,9
14,0,0,12,21,11,27,9,20
0,0,12,21,11,27,9,20,26
0,12,21,11,27,9,20,26,21
18,5,16,22,2,4,23,8,23
5,16,22,2,4,23,8,23,26
16,22,2,4,23,8,23,26,27
22,2,4,23,8,23,26,27,41
2,4,23,8,23,26,27,41,15
4,23,8,23,26,27,41,15,11
23,8,23,26,27,41,15,11,16
8,23,26,27,41,15,11,16,28
23,26,27,41,15,11,16,28,9
26,27,41,15,11,16,28,9,27
27,41,15,11,16,28,9,27,24
41,15,11,16,28,9,27,24,9
15,11,16,28,9,27,24,9,8
11,16,28,9,27,24,9,8,7
16,28,9,27,24,9,8,7,6
5,17,29,23,18,14,26,39,97
17,29,23,18,14,26,39,97,37
29,23,18,14,26,39,97,37,15
23,18,14,26,39,97,37,15,7
18,14,26,39,97,37,15,7,8
14,26,39,97,37,15,7,8,18
26,39,97,37,15,7,8,18,19
39,97,37,15,7,8,18,19,41
97,37,15,7,8,18,19,41,24
37,15,7,8,18,19,41,24,0
15,7,8,18,19,41,24,0,6
7,8,18,19,41,24,0,6,16
8,18,19,41,24,0,6,16,11
18,19,41,24,0,6,16,11,6
19,41,24,0,6,16,11,6,4
-1,12,3,8,17,6,5,21,20
12,3,8,17,6,5,21,20,2
3,8,17,6,5,21,20,2,6
8,17,6,5,21,20,2,6,15
17,6,5,21,20,2,6,15,11
6,5,21,20,2,6,15,11,19
5,21,20,2,6,15,11,19,11
21,20,2,6,15,11,19,11,14
20,2,6,15,11,19,11,14,16
2,6,15,11,19,11,14,16,19
6,15,11,19,11,14,16,19,57
15,11,19,11,14,16,19,57,9
11,19,11,14,16,19,57,9,26
19,11,14,16,19,57,9,26,2
11,14,16,19,57,9,26,2,16
36,30,27,14,76,46,35,60,9
30,27,14,76,46,35,60,9,7
27,14,76,46,35,60,9,7,25
14,76,46,35,60,9,7,25,62
76,46,35,60,9,7,25,62,10
46,35,60,9,7,25,62,10,21
35,60,9,7,25,62,10,21,8
60,9,7,25,62,10,21,8,7
9,7,25,62,10,21,8,7,22
7,25,62,10,21,8,7,22,25
25,62,10,21,8,7,22,25,36
62,10,21,8,7,22,25,36,60
10,21,8,7,22,25,36,60,36
21,8,7,22,25,36,60,36,13
8,7,22,25,36,60,36,13,17
4,29,38,25,0,4,2,7,4
29,38,25,0,4,2,7,4,1
38,25,0,4,2,7,4,1,7
25,0,4,2,7,4,1,7,34
0,4,2,7,4,1,7,34,29
4,2,7,4,1,7,34,29,57
2,7,4,1,7,34,29,57,0
7,4,1,7,34,29,57,0,16
4,1,7,34,29,57,0,16,3
1,7,34,29,57,0,16,3,61
7,34,29,57,0,16,3,61,3
34,29,57,0,16,3,61,3,19
29,57,0,16,3,61,3,19,9
57,0,16,3,61,3,19,9,2
0,16,3,61,3,19,9,2,10
6,4,64,37,18,23,37,52,8
4,64,37,18,23,37,52,8,21
64,37,18,23,37,52,8,21,46
37,18,23,37,52,8,21,46,51
18,23,37,52,8,21,46,51,24
23,37,52,8,21,46,51,24,11
37,52,8,21,46,51,24,11,29
52,8,21,46,51,24,11,29,8
8,21,46,51,24,11,29,8,39
21,46,51,24,11,29,8,39,31
46,51,24,11,29,8,39,31,60
51,24,11,29,8,39,31,60,13
24,11,29,8,39,31,60,13,12
11,29,8,39,31,60,13,12,23
29,8,39,31,60,13,12,23,29
39,26,15,30,24,20,31,33,21
26,15,30,24,20,31,33,21,9
15,30,24,20,31,33,21,9,8
30,24,20,31,33,21,9,8,12
24,20,31,33,21,9,8,12,10
20,31,33,21,9,8,12,10,-1
31,33,21,9,8,12,10,-1,-1
33,21,9,8,12,10,-1,-1,9
21,9,8,12,10,-1,-1,9,5
9,8,12,10,-1,-1,9,5,34
8,12,10,-1,-1,9,5,34,0
12,10,-1,-1,9,5,34,0,0
10,-1,-1,9,5,34,0,0,6
-1,-1,9,5,34,0,0,6,2
-1,9,5,34,0,0,6,2,18
1,17,5,4,6,11,7,1,5
17,5,4,6,11,7,1,5,7
5,4,6,11,7,1,5,7,0
4,6,11,7,1,5,7,0,11
6,11,7,1,5,7,0,11,6
11,7,1,5,7,0,11,6,6
7,1,5,7,0,11,6,6,0
1,5,7,0,11,6,6,0,0
5,7,0,11,6,6,0,0,24
7,0,11,6,6,0,0,24,9
0,11,6,6,0,0,24,9,24
11,6,6,0,0,24,9,24,0
6,6,0,0,24,9,24,0,17
6,0,0,24,9,24,0,17,4
0,0,24,9,24,0,17,4,15
5,17,70,22,15,17,17,7,14
17,70,22,15,17,17,7,14,22
70,22,15,17,17,7,14,22,12
22,15,17,17,7,14,22,12,4
15,17,17,7,14,22,12,4,3
17,17,7,14,22,12,4,3,7
17,7,14,22,12,4,3,7,12
7,14,22,12,4,3,7,12,14
14,22,12,4,3,7,12,14,25
22,12,4,3,7,12,14,25,22
12,4,3,7,12,14,25,22,9
4,3,7,12,14,25,22,9,25
3,7,12,14,25,22,9,25,12
7,12,14,25,22,9,25,12,19
12,14,25,22,9,25,12,19,20
13,13,21,11,5,9,7,2,5
13,21,11,5,9,7,2,5,12
21,11,5,9,7,2,5,12,14
11,5,9,7,2,5,12,14,13
5,9,7,2,5,12,14,13,6
9,7,2,5,12,14,13,6,11
7,2,5,12,14,13,6,11,5
2,5,12,14,13,6,11,5,9
5,12,14,13,6,11,5,9,32
12,14,13,6,11,5,9,32,10
14,13,6,11,5,9,32,10,18
13,6,11,5,9,32,10,18,11
6,11,5,9,32,10,18,11,16
11,5,9,32,10,18,11,16,20
5,9,32,10,18,11,16,20,22
16,5,8,30,10,2,25,6,15
5,8,30,10,2,25,6,15,25
8,30,10,2,25,6,15,25,29
30,10,2,25,6,15,25,29,33
10,2,25,6,15,25,29,33,18
2,25,6,15,25,29,33,18,17
25,6,15,25,29,33,18,17,20
6,15,25,29,33,18,17,20,25
15,25,29,33,18,17,20,25,9
25,29,33,18,17,20,25,9,23
29,33,18,17,20,25,9,23,17
33,18,17,20,25,9,23,17,3
18,17,20,25,9,23,17,3,12
17,20,25,9,23,17,3,12,7
20,25,9,23,17,3,12,7,4
14,20,24,34,21,16,29,40,90
20,24,34,21,16,29,40,90,28
24,34,21,16,29,40,90,28,8
34,21,16,29,40,90,28,8,11
21,16,29,40,90,28,8,11,14
16,29,40,90,28,8,11,14,22
29,40,90,28,8,11,14,22,13
40,90,28,8,11,14,22,13,50
90,28,8,11,14,22,13,50,19
28,8,11,14,22,13,50,19,0
8,11,14,22,13,50,19,0,14
11,14,22,13,50,19,0,14,26
14,22,13,50,19,0,14,26,14
22,13,50,19,0,14,26,14,6
13,50,19,0,14,26,14,6,6
-1,11,0,8,17,0,12,21,20
11,0,8,17,0,12,21,20,0
0,8,17,0,12,21,20,0,19
8,17,0,12,21,20,0,19,11
17,0,12,21,20,0,19,11,22
0,12,21,20,0,19,11,22,38
12,21,20,0,19,11,22,38,6
21,20,0,19,11,22,38,6,12
20,0,19,11,22,38,6,12,27
0,19,11,22,38,6,12,27,17
19,11,22,38,6,12,27,17,53
11,22,38,6,12,27,17,53,17
22,38,6,12,27,17,53,17,26
38,6,12,27,17,53,17,26,2
6,12,27,17,53,17,26,2,13
35,30,20,20,81,46,31,60,9
30,20,20,81,46,31,60,9,0
20,20,81,46,31,60,9,0,24
20,81,46,31,60,9,0,24,52
81,46,31,60,9,0,24,52,13
46,31,60,9,0,24,52,13,21
31,60,9,0,24,52,13,21,5
60,9,0,24,52,13,21,5,7
9,0,24,52,13,21,5,7,23
0,24,52,13,21,5,7,23,24
24,52,13,21,5,7,23,24,41
52,13,21,5,7,23,24,41,48
13,21,5,7,23,24,41,48,29
21,5,7,23,24,41,48,29,8
5,7,23,24,41,48,29,8,13
4,21,36,13,0,4,1,1,10
21,36,13,0,4,1,1,10,1
36,13,0,4,1,1,10,1,1
13,0,4,1,1,10,1,1,27
0,4,1,1,10,1,1,27,35
4,1,1,10,1,1,27,35,46
1,1,10,1,1,27,35,46,0
1,10,1,1,27,35,46,0,12
10,1,1,27,35,46,0,12,3
1,1,27,35,46,0,12,3,47
1,27,35,46,0,12,3,47,3
27,35,46,0,12,3,47,3,20
35,46,0,12,3,47,3,20,3
46,0,12,3,47,3,20,3,4
0,12,3,47,3,20,3,4,8
1,7,61,28,19,34,40,43,15
7,61,28,19,34,40,43,15,16
61,28,19,34,40,43,15,16,44
28,19,34,40,43,15,16,44,51
19,34,40,43,15,16,44,51,18
34,40,43,15,16,44,51,18,3
40,43,15,16,44,51,18,3,4
43,15,16,44,51,18,3,4,20
15,16,44,51,18,3,4,20,41
16,44,51,18,3,4,20,41,22
44,51,18,3,4,20,41,22,57
51,18,3,4,20,41,22,57,6
18,3,4,20,41,22,57,6,12
3,4,20,41,22,57,6,12,27
4,20,41,22,57,6,12,27,30
37,22,24,25,29,20,24,31,22
22,24,25,29,20,24,31,22,9
24,25,29,20,24,31,22,9,14
25,29,20,24,31,22,9,14,3
29,20,24,31,22,9,14,3,4
20,24,31,22,9,14,3,4,-1
24,31,22,9,14,3,4,-1,-1
31,22,9,14,3,4,-1,-1,15
22,9,14,3,4,-1,-1,15,0
9,14,3,4,-1,-1,15,0,20
14,3,4,-1,-1,15,0,20,0
3,4,-1,-1,15,0,20,0,0
4,-1,-1,15,0,20,0,0,6
-1,-1,15,0,20,0,0,6,9
-1,15,0,20,0,0,6,9,4
1,14,9,4,14,7,6,0,0
14,9,4,14,7,6,0,0,13
9,4,14,7,6,0,0,13,0
4,14,7,6,0,0,13,0,6
14,7,6,0,0,13,0,6,7
7,6,0,0,13,0,6,7,6
6,0,0,13,0,6,7,6,10
0,0,13,0,6,7,6,10,0
0,13,0,6,7,6,10,0,20
13,0,6,7,6,10,0,20,8
0,6,7,6,10,0,20,8,32
6,7,6,10,0,20,8,32,0
7,6,10,0,20,8,32,0,12
6,10,0,20,8,32,0,12,2
10,0,20,8,32,0,12,2,19
0,6,76,30,26,6,24,0,16
6,76,30,26,6,24,0,16,10
76,30,26,6,24,0,16,10,4
30,26,6,24,0,16,10,4,3
26,6,24,0,16,10,4,3,3
6,24,0,16,10,4,3,3,5
24,0,16,10,4,3,3,5,13
0,16,10,4,3,3,5,13,12
16,10,4,3,3,5,13,12,21
10,4,3,3,5,13,12,21,27
4,3,3,5,13,12,21,27,12
3,3,5,13,12,21,27,12,18
3,5,13,12,21,27,12,18,12
5,13,12,21,27,12,18,12,21
13,12,21,27,12,18,12,21,12
2,12,27,4,5,13,7,6,7
12,27,4,5,13,7,6,7,7
27,4,5,13,7,6,7,7,10
4,5,13,7,6,7,7,10,11
5,13,7,6,7,7,10,11,4
13,7,6,7,7,10,11,4,15
7,6,7,7,10,11,4,15,9
6,7,7,10,11,4,15,9,7
7,7,10,11,4,15,9,7,24
7,10,11,4,15,9,7,24,18
10,11,4,15,9,7,24,18,16
11,4,15,9,7,24,18,16,10
4,15,9,7,24,18,16,10,22
15,9,7,24,18,16,10,22,16
9,7,24,18,16,10,22,16,34
11,6,9,35,7,2,16,11,9
6,9,35,7,2,16,11,9,17
9,35,7,2,16,11,9,17,32
35,7,2,16,11,9,17,32,37
7,2,16,11,9,17,32,37,26
2,16,11,9,17,32,37,26,18
16,11,9,17,32,37,26,18,14
11,9,17,32,37,26,18,14,22
9,17,32,37,26,18,14,22,0
17,32,37,26,18,14,22,0,15
32,37,26,18,14,22,0,15,21
37,26,18,14,22,0,15,21,4
26,18,14,22,0,15,21,4,13
18,14,22,0,15,21,4,13,8
14,22,0,15,21,4,13,8,4
13,20,21,41,21,22,40,28,76
20,21,41,21,22,40,28,76,36
21,41,21,22,40,28,76,36,11
41,21,22,40,28,76,36,11,8
21,22,40,28,76,36,11,8,14
22,40,28,76,36,11,8,14,18
40,28,76,36,11,8,14,18,11
28,76,36,11,8,14,18,11,46
76,36,11,8,14,18,11,46,15
36,11,8,14,18,11,46,15,0
11,8,14,18,11,46,15,0,12
8,14,18,11,46,15,0,12,18
14,18,11,46,15,0,12,18,14
18,11,46,15,0,12,18,14,5
11,46,15,0,12,18,14,5,1
-1,11,4,2,22,10,15,0,20
11,4,2,22,10,15,0,20,0
4,2,22,10,15,0,20,0,21
2,22,10,15,0,20,0,21,11
22,10,15,0,20,0,21,11,23
10,15,0,20,0,21,11,23,52
15,0,20,0,21,11,23,52,1
0,20,0,21,11,23,52,1,12
20,0,21,11,23,52,1,12,21
0,21,11,23,52,1,12,21,19
21,11,23,52,1,12,21,19,65
11,23,52,1,12,21,19,65,26
23,52,1,12,21,19,65,26,31
52,1,12,21,19,65,26,31,3
1,12,21,19,65,26,31,3,14
31,22,16,22,75,46,33,52,14
22,16,22,75,46,33,52,14,0
16,22,75,46,33,52,14,0,23
22,75,46,33,52,14,0,23,40
75,46,33,52,14,0,23,40,18
46,33,52,14,0,23,40,18,30
33,52,14,0,23,40,18,30,14
52,14,0,23,40,18,30,14,6
14,0,23,40,18,30,14,6,22
0,23,40,18,30,14,6,22,10
23,40,18,30,14,6,22,10,46
40,18,30,14,6,22,10,46,53
18,30,14,6,22,10,46,53,16
30,14,6,22,10,46,53,16,15
14,6,22,10,46,53,16,15,18
0,21,23,12,0,8,11,0,10
21,23,12,0,8,11,0,10,10
23,12,0,8,11,0,10,10,1
12,0,8,11,0,10,10,1,21
0,8,11,0,10,10,1,21,32
8,11,0,10,10,1,21,32,27
11,0,10,10,1,21,32,27,0
0,10,10,1,21,32,27,0,10
10,10,1,21,32,27,0,10,3
10,1,21,32,27,0,10,3,21
1,21,32,27,0,10,3,21,0
21,32,27,0,10,3,21,0,20
32,27,0,10,3,21,0,20,2
27,0,10,3,21,0,20,2,0
0,10,3,21,0,20,2,0,5
1,7,57,32,14,34,47,39,21
7,57,32,14,34,47,39,21,19
57,32,14,34,47,39,21,19,43
32,14,34,47,39,21,19,43,51
14,34,47,39,21,19,43,51,13
34,47,39,21,19,43,51,13,0
47,39,21,19,43,51,13,0,0
39,21,19,43,51,13,0,0,19
21,19,43,51,13,0,0,19,41
19,43,51,13,0,0,19,41,21
43,51,13,0,0,19,41,21,52
51,13,0,0,19,41,21,52,9
13,0,0,19,41,21,52,9,9
0,0,19,41,21,52,9,9,19
0,19,41,21,52,9,9,19,31
36,11,29,25,31,20,21,23,14
11,29,25,31,20,21,23,14,9
29,25,31,20,21,23,14,9,13
25,31,20,21,23,14,9,13,7
31,20,21,23,14,9,13,7,4
20,21,23,14,9,13,7,4,4
21,23,14,9,13,7,4,4,-1
23,14,9,13,7,4,4,-1,23
14,9,13,7,4,4,-1,23,0
9,13,7,4,4,-1,23,0,9
13,7,4,4,-1,23,0,9,2
7,4,4,-1,23,0,9,2,0
4,4,-1,23,0,9,2,0,1
4,-1,23,0,9,2,0,1,8
-1,23,0,9,2,0,1,8,4
2,8,9,4,20,10,1,1,3
8,9,4,20,10,1,1,3,12
9,4,20,10,1,1,3,12,0
4,20,10,1,1,3,12,0,3
20,10,1,1,3,12,0,3,7
10,1,1,3,12,0,3,7,4
1,1,3,12,0,3,7,4,10
1,3,12,0,3,7,4,10,0
3,12,0,3,7,4,10,0,25
12,0,3,7,4,10,0,25,0
0,3,7,4,10,0,25,0,34
3,7,4,10,0,25,0,34,8
7,4,10,0,25,0,34,8,19
4,10,0,25,0,34,8,19,5
10,0,25,0,34,8,19,5,11
3,10,25,36,31,13,15,0,20
10,25,36,31,13,15,0,20,10
25,36,31,13,15,0,20,10,2
36,31,13,15,0,20,10,2,4
31,13,15,0,20,10,2,4,10
13,15,0,20,10,2,4,10,3
15,0,20,10,2,4,10,3,15
0,20,10,2,4,10,3,15,10
20,10,2,4,10,3,15,10,29
10,2,4,10,3,15,10,29,24
2,4,10,3,15,10,29,24,12
4,10,3,15,10,29,24,12,18
10,3,15,10,29,24,12,18,11
3,15,10,29,24,12,18,11,20
15,10,29,24,12,18,11,20,21
6,16,22,4,9,8,10,4,2
16,22,4,9,8,10,4,2,7
22,4,9,8,10,4,2,7,19
4,9,8,10,4,2,7,19,13
9,8,10,4,2,7,19,13,9
8,10,4,2,7,19,13,9,18
10,4,2,7,19,13,9,18,9
4,2,7,19,13,9,18,9,0
2,7,19,13,9,18,9,0,30
7,19,13,9,18,9,0,30,35
19,13,9,18,9,0,30,35,8
13,9,18,9,0,30,35,8,13
9,18,9,0,30,35,8,13,18
18,9,0,30,35,8,13,18,17
9,0,30,35,8,13,18,17,25
6,4,7,29,7,4,9,14,12
4,7,29,7,4,9,14,12,22
7,29,7,4,9,14,12,22,32
29,7,4,9,14,12,22,32,31
7,4,9,14,12,22,32,31,31
4,9,14,12,22,32,31,31,20
9,14,12,22,32,31,31,20,8
14,12,22,32,31,31,20,8,20
12,22,32,31,31,20,8,20,6
22,32,31,31,20,8,20,6,17
32,31,31,20,8,20,6,17,26
31,31,20,8,20,6,17,26,4
31,20,8,20,6,17,26,4,13
20,8,20,6,17,26,4,13,0
8,20,6,17,26,4,13,0,4
24,18,15,38,27,15,38,19,73
18,15,38,27,15,38,19,73,34
15,38,27,15,38,19,73,34,10
38,27,15,38,19,73,34,10,7
27,15,38,19,73,34,10,7,20
15,38,19,73,34,10,7,20,15
38,19,73,34,10,7,20,15,9
19,73,34,10,7,20,15,9,45
73,34,10,7,20,15,9,45,6
34,10,7,20,15,9,45,6,0
10,7,20,15,9,45,6,0,12
7,20,15,9,45,6,0,12,11
20,15,9,45,6,0,12,11,10
15,9,45,6,0,12,11,10,0
9,45,6,0,12,11,10,0,1
-1,7,4,2,27,15,22,0,20
7,4,2,27,15,22,0,20,1
4,2,27,15,22,0,20,1,20
2,27,15,22,0,20,1,20,14
27,15,22,0,20,1,20,14,16
15,22,0,20,1,20,14,16,53
22,0,20,1,20,14,16,53,1
0,20,1,20,14,16,53,1,2
20,1,20,14,16,53,1,2,22
1,20,14,16,53,1,2,22,32
20,14,16,53,1,2,22,32,64
14,16,53,1,2,22,32,64,33
16,53,1,2,22,32,64,33,29
53,1,2,22,32,64,33,29,3
1,2,22,32,64,33,29,3,21
28,18,14,24,66,42,25,47,15
18,14,24,66,42,25,47,15,1
14,24,66,42,25,47,15,1,18
24,66,42,25,47,15,1,18,32
66,42,25,47,15,1,18,32,16
42,25,47,15,1,18,32,16,26
25,47,15,1,18,32,16,26,11
47,15,1,18,32,16,26,11,5
15,1,18,32,16,26,11,5,22
1,18,32,16,26,11,5,22,7
18,32,16,26,11,5,22,7,48
32,16,26,11,5,22,7,48,60
16,26,11,5,22,7,48,60,10
26,11,5,22,7,48,60,10,13
11,5,22,7,48,60,10,13,29
0,14,19,7,7,9,13,0,5
14,19,7,7,9,13,0,5,16
19,7,7,9,13,0,5,16,2
7,7,9,13,0,5,16,2,25
7,9,13,0,5,16,2,25,38
9,13,0,5,16,2,25,38,14
13,0,5,16,2,25,38,14,5
0,5,16,2,25,38,14,5,9
5,16,2,25,38,14,5,9,8
16,2,25,38,14,5,9,8,2
2,25,38,14,5,9,8,2,1
25,38,14,5,9,8,2,1,22
38,14,5,9,8,2,1,22,1
14,5,9,8,2,1,22,1,0
5,9,8,2,1,22,1,0,0
0,4,43,42,7,41,48,27,27
4,43,42,7,41,48,27,27,18
43,42,7,41,48,27,27,18,51
42,7,41,48,27,27,18,51,51
7,41,48,27,27,18,51,51,15
41,48,27,27,18,51,51,15,0
48,27,27,18,51,51,15,0,13
27,27,18,51,51,15,0,13,23
27,18,51,51,15,0,13,23,40
18,51,51,15,0,13,23,40,19
51,51,15,0,13,23,40,19,54
51,15,0,13,23,40,19,54,8
15,0,13,23,40,19,54,8,20
0,13,23,40,19,54,8,20,17
13,23,40,19,54,8,20,17,35
29,14,34,17,29,20,26,16,20
14,34,17,29,20,26,16,20,9
34,17,29,20,26,16,20,9,13
17,29,20,26,16,20,9,13,7
29,20,26,16,20,9,13,7,11
20,26,16,20,9,13,7,11,7
26,16,20,9,13,7,11,7,-1
16,20,9,13,7,11,7,-1,17
20,9,13,7,11,7,-1,17,9
9,13,7,11,7,-1,17,9,1
13,7,11,7,-1,17,9,1,11
7,11,7,-1,17,9,1,11,9
11,7,-1,17,9,1,11,9,4
7,-1,17,9,1,11,9,4,6
-1,17,9,1,11,9,4,6,4
2,11,9,3,26,17,1,4,7
11,9,3,26,17,1,4,7,16
9,3,26,17,1,4,7,16,0
3,26,17,1,4,7,16,0,0
26,17,1,4,7,16,0,0,0
17,1,4,7,16,0,0,0,9
1,4,7,16,0,0,0,9,10
4,7,16,0,0,0,9,10,5
7,16,0,0,0,9,10,5,21
16,0,0,0,9,10,5,21,0
0,0,0,9,10,5,21,0,35
0,0,9,10,5,21,0,35,13
0,9,10,5,21,0,35,13,14
9,10,5,21,0,35,13,14,11
10,5,21,0,35,13,14,11,11
2,20,7,37,53,13,21,0,18
20,7,37,53,13,21,0,18,9
7,37,53,13,21,0,18,9,3
37,53,13,21,0,18,9,3,9
53,13,21,0,18,9,3,9,11
13,21,0,18,9,3,9,11,3
21,0,18,9,3,9,11,3,13
0,18,9,3,9,11,3,13,10
18,9,3,9,11,3,13,10,22
9,3,9,11,3,13,10,22,15
3,9,11,3,13,10,22,15,16
9,11,3,13,10,22,15,16,18
11,3,13,10,22,15,16,18,13
3,13,10,22,15,16,18,13,18
13,10,22,15,16,18,13,18,18
12,13,27,6,5,5,12,5,5
13,27,6,5,5,12,5,5,5
27,6,5,5,12,5,5,5,16
6,5,5,12,5,5,5,16,6
5,5,12,5,5,5,16,6,11
5,12,5,5,5,16,6,11,10
12,5,5,5,16,6,11,10,7
5,5,5,16,6,11,10,7,6
5,5,16,6,11,10,7,6,19
5,16,6,11,10,7,6,19,32
16,6,11,10,7,6,19,32,8
6,11,10,7,6,19,32,8,14
11,10,7,6,19,32,8,14,26
10,7,6,19,32,8,14,26,18
7,6,19,32,8,14,26,18,22
9,4,6,34,1,1,11,13,13
4,6,34,1,1,11,13,13,17
6,34,1,1,11,13,13,17,35
34,1,1,11,13,13,17,35,44
1,1,11,13,13,17,35,44,35
1,11,13,13,17,35,44,35,10
11,13,13,17,35,44,35,10,6
13,13,17,35,44,35,10,6,25
13,17,35,44,35,10,6,25,7
17,35,44,35,10,6,25,7,16
35,44,35,10,6,25,7,16,24
44,35,10,6,25,7,16,24,7
35,10,6,25,7,16,24,7,9
10,6,25,7,16,24,7,9,7
6,25,7,16,24,7,9,7,10
22,16,18,37,28,23,38,26,70
16,18,37,28,23,38,26,70,37
18,37,28,23,38,26,70,37,17
37,28,23,38,26,70,37,17,8
28,23,38,26,70,37,17,8,24
23,38,26,70,37,17,8,24,5
38,26,70,37,17,8,24,5,9
26,70,37,17,8,24,5,9,36
70,37,17,8,24,5,9,36,1
37,17,8,24,5,9,36,1,0
17,8,24,5,9,36,1,0,0
8,24,5,9,36,1,0,0,6
24,5,9,36,1,0,0,6,4
5,9,36,1,0,0,6,4,4
9,36,1,0,0,6,4,4,0
-1,3,8,0,26,24,14,0,21
3,8,0,26,24,14,0,21,5
8,0,26,24,14,0,21,5,4
0,26,24,14,0,21,5,4,15
26,24,14,0,21,5,4,15,9
24,14,0,21,5,4,15,9,39
14,0,21,5,4,15,9,39,1
0,21,5,4,15,9,39,1,4
21,5,4,15,9,39,1,4,27
5,4,15,9,39,1,4,27,26
4,15,9,39,1,4,27,26,68
15,9,39,1,4,27,26,68,32
9,39,1,4,27,26,68,32,21
39,1,4,27,26,68,32,21,3
1,4,27,26,68,32,21,3,19
25,13,15,26,70,35,36,45,20
13,15,26,70,35,36,45,20,1
15,26,70,35,36,45,20,1,20
26,70,35,36,45,20,1,20,37
70,35,36,45,20,1,20,37,7
35,36,45,20,1,20,37,7,26
36,45,20,1,20,37,7,26,13
45,20,1,20,37,7,26,13,2
20,1,20,37,7,26,13,2,23
1,20,37,7,26,13,2,23,11
20,37,7,26,13,2,23,11,38
37,7,26,13,2,23,11,38,66
7,26,13,2,23,11,38,66,23
26,13,2,23,11,38,66,23,22
13,2,23,11,38,66,23,22,22
0,16,7,7,7,13,13,1,1
16,7,7,7,13,13,1,1,19
7,7,7,13,13,1,1,19,5
7,7,13,13,1,1,19,5,25
7,13,13,1,1,19,5,25,23
13,13,1,1,19,5,25,23,5
13,1,1,19,5,25,23,5,5
1,1,19,5,25,23,5,5,12
1,19,5,25,23,5,5,12,4
19,5,25,23,5,5,12,4,0
5,25,23,5,5,12,4,0,1
25,23,5,5,12,4,0,1,26
23,5,5,12,4,0,1,26,5
5,5,12,4,0,1,26,5,0
5,12,4,0,1,26,5,0,0
0,1,34,42,7,39,62,27,25
1,34,42,7,39,62,27,25,16
34,42,7,39,62,27,25,16,53
42,7,39,62,27,25,16,53,50
7,39,62,27,25,16,53,50,12
39,62,27,25,16,53,50,12,1
62,27,25,16,53,50,12,1,24
27,25,16,53,50,12,1,24,16
25,16,53,50,12,1,24,16,42
16,53,50,12,1,24,16,42,16
53,50,12,1,24,16,42,16,53
50,12,1,24,16,42,16,53,7
12,1,24,16,42,16,53,7,23
1,24,16,42,16,53,7,23,16
24,16,42,16,53,7,23,16,43
34,11,33,17,22,16,29,21,16
11,33,17,22,16,29,21,16,4
33,17,22,16,29,21,16,4,7
17,22,16,29,21,16,4,7,10
22,16,29,21,16,4,7,10,11
16,29,21,16,4,7,10,11,14
29,21,16,4,7,10,11,14,-1
21,16,4,7,10,11,14,-1,11
16,4,7,10,11,14,-1,11,33
4,7,10,11,14,-1,11,33,9
7,10,11,14,-1,11,33,9,13
10,11,14,-1,11,33,9,13,7
11,14,-1,11,33,9,13,7,4
14,-1,11,33,9,13,7,4,0
-1,11,33,9,13,7,4,0,0
0,9,0,8,28,12,10,11,9
9,0,8,28,12,10,11,9,12
0,8,28,12,10,11,9,12,0
8,28,12,10,11,9,12,0,3
28,12,10,11,9,12,0,3,0
12,10,11,9,12,0,3,0,13
10,11,9,12,0,3,0,13,1
11,9,12,0,3,0,13,1,4
9,12,0,3,0,13,1,4,27
12,0,3,0,13,1,4,27,0
0,3,0,13,1,4,27,0,35
3,0,13,1,4,27,0,35,24
0,13,1,4,27,0,35,24,12
13,1,4,27,0,35,24,12,21
1,4,27,0,35,24,12,21,7
2,25,7,31,51,24,14,4,25
25,7,31,51,24,14,4,25,7
7,31,51,24,14,4,25,7,3
31,51,24,14,4,25,7,3,13
51,24,14,4,25,7,3,13,18
24,14,4,25,7,3,13,18,6
14,4,25,7,3,13,18,6,9
4,25,7,3,13,18,6,9,13
25,7,3,13,18,6,9,13,20
7,3,13,18,6,9,13,20,8
3,13,18,6,9,13,20,8,16
13,18,6,9,13,20,8,16,18
18,6,9,13,20,8,16,18,18
6,9,13,20,8,16,18,18,12
9,13,20,8,16,18,18,12,20
22,6,19,10,7,10,16,4,5
6,19,10,7,10,16,4,5,4
19,10,7,10,16,4,5,4,18
10,7,10,16,4,5,4,18,1
7,10,16,4,5,4,18,1,7
10,16,4,5,4,18,1,7,8
16,4,5,4,18,1,7,8,3
4,5,4,18,1,7,8,3,9
5,4,18,1,7,8,3,9,21
4,18,1,7,8,3,9,21,28
18,1,7,8,3,9,21,28,12
1,7,8,3,9,21,28,12,7
7,8,3,9,21,28,12,7,14
8,3,9,21,28,12,7,14,10
3,9,21,28,12,7,14,10,13
9,10,7,22,2,3,11,9,10
10,7,22,2,3,11,9,10,22
7,22,2,3,11,9,10,22,32
22,2,3,11,9,10,22,32,33
2,3,11,9,10,22,32,33,32
3,11,9,10,22,32,33,32,9
11,9,10,22,32,33,32,9,4
9,10,22,32,33,32,9,4,31
10,22,32,33,32,9,4,31,8
22,32,33,32,9,4,31,8,25
32,33,32,9,4,31,8,25,22
33,32,9,4,31,8,25,22,7
32,9,4,31,8,25,22,7,11
9,4,31,8,25,22,7,11,13
4,31,8,25,22,7,11,13,9
21,16,12,30,29,19,34,18,70
16,12,30,29,19,34,18,70,31
12,30,29,19,34,18,70,31,16
30,29,19,34,18,70,31,16,17
29,19,34,18,70,31,16,17,34
19,34,18,70,31,16,17,34,11
34,18,70,31,16,17,34,11,9
18,70,31,16,17,34,11,9,35
70,31,16,17,34,11,9,35,0
31,16,17,34,11,9,35,0,0
16,17,34,11,9,35,0,0,2
17,34,11,9,35,0,0,2,7
34,11,9,35,0,0,2,7,9
11,9,35,0,0,2,7,9,7
9,35,0,0,2,7,9,7,0
-1,13,2,4,9,15,6,0,29
13,2,4,9,15,6,0,29,9
2,4,9,15,6,0,29,9,0
4,9,15,6,0,29,9,0,15
9,15,6,0,29,9,0,15,4
15,6,0,29,9,0,15,4,17
6,0,29,9,0,15,4,17,0
0,29,9,0,15,4,17,0,1
29,9,0,15,4,17,0,1,29
9,0,15,4,17,0,1,29,21
0,15,4,17,0,1,29,21,52
15,4,17,0,1,29,21,52,24
4,17,0,1,29,21,52,24,13
17,0,1,29,21,52,24,13,11
0,1,29,21,52,24,13,11,23
20,13,8,33,65,35,28,50,16
13,8,33,65,35,28,50,16,7
8,33,65,35,28,50,16,7,14
33,65,35,28,50,16,7,14,31
65,35,28,50,16,7,14,31,5
35,28,50,16,7,14,31,5,26
28,50,16,7,14,31,5,26,4
50,16,7,14,31,5,26,4,17
16,7,14,31,5,26,4,17,11
7,14,31,5,26,4,17,11,16
14,31,5,26,4,17,11,16,21
31,5,26,4,17,11,16,21,53
5,26,4,17,11,16,21,53,27
26,4,17,11,16,21,53,27,19
4,17,11,16,21,53,27,19,21
2,6,21,6,5,10,15,4,3
6,21,6,5,10,15,4,3,7
21,6,5,10,15,4,3,7,6
6,5,10,15,4,3,7,6,23
5,10,15,4,3,7,6,23,21
10,15,4,3,7,6,23,21,4
15,4,3,7,6,23,21,4,10
4,3,7,6,23,21,4,10,11
3,7,6,23,21,4,10,11,9
7,6,23,21,4,10,11,9,2
6,23,21,4,10,11,9,2,7
23,21,4,10,11,9,2,7,29
21,4,10,11,9,2,7,29,5
4,10,11,9,2,7,29,5,6
10,11,9,2,7,29,5,6,0
0,14,26,49,13,40,72,36,34
14,26,49,13,40,72,36,34,4
26,49,13,40,72,36,34,4,50
49,13,40,72,36,34,4,50,40
13,40,72,36,34,4,50,40,11
40,72,36,34,4,50,40,11,1
72,36,34,4,50,40,11,1,28
36,34,4,50,40,11,1,28,19
34,4,50,40,11,1,28,19,46
4,50,40,11,1,28,19,46,22
50,40,11,1,28,19,46,22,51
40,11,1,28,19,46,22,51,8
11,1,28,19,46,22,51,8,27
1,28,19,46,22,51,8,27,14
28,19,46,22,51,8,27,14,54
33,19,34,25,19,17,35,29,21
19,34,25,19,17,35,29,21,0
34,25,19,17,35,29,21,0,2
25,19,17,35,29,21,0,2,12
19,17,35,29,21,0,2,12,5
17,35,29,21,0,2,12,5,8
35,29,21,0,2,12,5,8,-1
29,21,0,2,12,5,8,-1,9
21,0,2,12,5,8,-1,9,39
0,2,12,5,8,-1,9,39,9
2,12,5,8,-1,9,39,9,9
12,5,8,-1,9,39,9,9,9
5,8,-1,9,39,9,9,9,1
8,-1,9,39,9,9,9,1,6
-1,9,39,9,9,9,1,6,5
4,20,0,8,31,10,11,14,12
20,0,8,31,10,11,14,12,10
0,8,31,10,11,14,12,10,0
8,31,10,11,14,12,10,0,3
31,10,11,14,12,10,0,3,0
10,11,14,12,10,0,3,0,9
11,14,12,10,0,3,0,9,9
14,12,10,0,3,0,9,9,6
12,10,0,3,0,9,9,6,31
10,0,3,0,9,9,6,31,0
0,3,0,9,9,6,31,0,37
3,0,9,9,6,31,0,37,15
0,9,9,6,31,0,37,15,3
9,9,6,31,0,37,15,3,26
9,6,31,0,37,15,3,26,10
5,21,7,29,64,25,20,4,17
21,7,29,64,25,20,4,17,16
7,29,64,25,20,4,17,16,8
29,64,25,20,4,17,16,8,11
64,25,20,4,17,16,8,11,11
25,20,4,17,16,8,11,11,6
20,4,17,16,8,11,11,6,7
4,17,16,8,11,11,6,7,11
17,16,8,11,11,6,7,11,26
16,8,11,11,6,7,11,26,16
8,11,11,6,7,11,26,16,16
11,11,6,7,11,26,16,16,18
11,6,7,11,26,16,16,18,13
6,7,11,26,16,16,18,13,15
7,11,26,16,16,18,13,15,22
19,11,22,10,4,8,13,4,5
11,22,10,4,8,13,4,5,2
22,10,4,8,13,4,5,2,13
10,4,8,13,4,5,2,13,5
4,8,13,4,5,2,13,5,9
8,13,4,5,2,13,5,9,12
13,4,5,2,13,5,9,12,5
4,5,2,13,5,9,12,5,9
5,2,13,5,9,12,5,9,16
2,13,5,9,12,5,9,16,14
13,5,9,12,5,9,16,14,20
5,9,12,5,9,16,14,20,6
9,12,5,9,16,14,20,6,12
12,5,9,16,14,20,6,12,13
5,9,16,14,20,6,12,13,16
11,9,5,29,2,2,15,12,13
9,5,29,2,2,15,12,13,20
5,29,2,2,15,12,13,20,29
29,2,2,15,12,13,20,29,40
2,2,15,12,13,20,29,40,34
2,15,12,13,20,29,40,34,9
15,12,13,20,29,40,34,9,6
12,13,20,29,40,34,9,6,30
13,20,29,40,34,9,6,30,3
20,29,40,34,9,6,30,3,22
29,40,34,9,6,30,3,22,16
40,34,9,6,30,3,22,16,9
34,9,6,30,3,22,16,9,6
9,6,30,3,22,16,9,6,14
6,30,3,22,16,9,6,14,18
18,16,15,39,30,35,34,28,59
16,15,39,30,35,34,28,59,33
15,39,30,35,34,28,59,33,12
39,30,35,34,28,59,33,12,19
30,35,34,28,59,33,12,19,31
35,34,28,59,33,12,19,31,19
34,28,59,33,12,19,31,19,6
28,59,33,12,19,31,19,6,36
59,33,12,19,31,19,6,36,1
33,12,19,31,19,6,36,1,0
12,19,31,19,6,36,1,0,7
19,31,19,6,36,1,0,7,12
31,19,6,36,1,0,7,12,14
19,6,36,1,0,7,12,14,9
6,36,1,0,7,12,14,9,0
-1,31,4,14,4,14,4,0,29
31,4,14,4,14,4,0,29,8
4,14,4,14,4,0,29,8,0
14,4,14,4,0,29,8,0,17
4,14,4,0,29,8,0,17,6
14,4,0,29,8,0,17,6,9
4,0,29,8,0,17,6,9,0
0,29,8,0,17,6,9,0,1
29,8,0,17,6,9,0,1,37
8,0,17,6,9,0,1,37,6
0,17,6,9,0,1,37,6,42
17,6,9,0,1,37,6,42,16
6,9,0,1,37,6,42,16,13
9,0,1,37,6,42,16,13,13
0,1,37,6,42,16,13,13,18
19,11,4,48,66,40,33,43,23
11,4,48,66,40,33,43,23,7
4,48,66,40,33,43,23,7,7
48,66,40,33,43,23,7,7,34
66,40,33,43,23,7,7,34,2
40,33,43,23,7,7,34,2,23
33,43,23,7,7,34,2,23,9
43,23,7,7,34,2,23,9,15
23,7,7,34,2,23,9,15,2
7,7,34,2,23,9,15,2,19
7,34,2,23,9,15,2,19,11
34,2,23,9,15,2,19,11,55
2,23,9,15,2,19,11,55,33
23,9,15,2,19,11,55,33,23
9,15,2,19,11,55,33,23,23
2,11,20,7,7,4,17,6,4
11,20,7,7,4,17,6,4,4
20,7,7,4,17,6,4,4,8
7,7,4,17,6,4,4,8,21
7,4,17,6,4,4,8,21,13
4,17,6,4,4,8,21,13,11
17,6,4,4,8,21,13,11,10
6,4,4,8,21,13,11,10,16
4,4,8,21,13,11,10,16,18
4,8,21,13,11,10,16,18,2
8,21,13,11,10,16,18,2,10
21,13,11,10,16,18,2,10,37
13,11,10,16,18,2,10,37,6
11,10,16,18,2,10,37,6,8
10,16,18,2,10,37,6,8,0
0,24,26,57,7,48,76,56,34
24,26,57,7,48,76,56,34,13
26,57,7,48,76,56,34,13,51
57,7,48,76,56,34,13,51,46
7,48,76,56,34,13,51,46,5
48,76,56,34,13,51,46,5,1
76,56,34,13,51,46,5,1,27
56,34,13,51,46,5,1,27,19
34,13,51,46,5,1,27,19,54
13,51,46,5,1,27,19,54,29
51,46,5,1,27,19,54,29,45
46,5,1,27,19,54,29,45,13
5,1,27,19,54,29,45,13,28
1,27,19,54,29,45,13,28,12
27,19,54,29,45,13,28,12,54
36,21,35,32,14,28,31,30,19
21,35,32,14,28,31,30,19,0
35,32,14,28,31,30,19,0,2
32,14,28,31,30,19,0,2,12
14,28,31,30,19,0,2,12,-1
28,31,30,19,0,2,12,-1,5
31,30,19,0,2,12,-1,5,-1
30,19,0,2,12,-1,5,-1,8
19,0,2,12,-1,5,-1,8,44
0,2,12,-1,5,-1,8,44,14
2,12,-1,5,-1,8,44,14,2
12,-1,5,-1,8,44,14,2,0
-1,5,-1,8,44,14,2,0,0
5,-1,8,44,14,2,0,0,15
-1,8,44,14,2,0,0,15,6
7,12,3,4,28,6,12,14,11
12,3,4,28,6,12,14,11,2
3,4,28,6,12,14,11,2,2
4,28,6,12,14,11,2,2,2
28,6,12,14,11,2,2,2,0
6,12,14,11,2,2,2,0,6
12,14,11,2,2,2,0,6,11
14,11,2,2,2,0,6,11,4
11,2,2,2,0,6,11,4,28
2,2,2,0,6,11,4,28,0
2,2,0,6,11,4,28,0,50
2,0,6,11,4,28,0,50,16
0,6,11,4,28,0,50,16,3
6,11,4,28,0,50,16,3,21
11,4,28,0,50,16,3,21,16
14,10,15,41,30,26,22,7,21
10,15,41,30,26,22,7,21,10
15,41,30,26,22,7,21,10,5
41,30,26,22,7,21,10,5,13
30,26,22,7,21,10,5,13,11
26,22,7,21,10,5,13,11,12
22,7,21,10,5,13,11,12,21
7,21,10,5,13,11,12,21,8
21,10,5,13,11,12,21,8,29
10,5,13,11,12,21,8,29,24
5,13,11,12,21,8,29,24,15
13,11,12,21,8,29,24,15,15
11,12,21,8,29,24,15,15,11
12,21,8,29,24,15,15,11,13
21,8,29,24,15,15,11,13,20
14,9,21,6,7,8,7,6,2
9,21,6,7,8,7,6,2,4
21,6,7,8,7,6,2,4,11
6,7,8,7,6,2,4,11,7
7,8,7,6,2,4,11,7,14
8,7,6,2,4,11,7,14,10
7,6,2,4,11,7,14,10,5
6,2,4,11,7,14,10,5,8
2,4,11,7,14,10,5,8,18
4,11,7,14,10,5,8,18,24
11,7,14,10,5,8,18,24,18
7,14,10,5,8,18,24,18,11
14,10,5,8,18,24,18,11,11
10,5,8,18,24,18,11,11,22
5,8,18,24,18,11,11,22,18
9,11,10,20,7,8,19,21,18
11,10,20,7,8,19,21,18,25
10,20,7,8,19,21,18,25,30
20,7,8,19,21,18,25,30,35
7,8,19,21,18,25,30,35,33
8,19,21,18,25,30,35,33,16
19,21,18,25,30,35,33,16,7
21,18,25,30,35,33,16,7,24
18,25,30,35,33,16,7,24,2
25,30,35,33,16,7,24,2,24
30,35,33,16,7,24,2,24,26
35,33,16,7,24,2,24,26,13
33,16,7,24,2,24,26,13,8
16,7,24,2,24,26,13,8,11
7,24,2,24,26,13,8,11,10
18,14,20,25,36,42,36,18,58
14,20,25,36,42,36,18,58,33
20,25,36,42,36,18,58,33,6
25,36,42,36,18,58,33,6,13
36,42,36,18,58,33,6,13,25
42,36,18,58,33,6,13,25,26
36,18,58,33,6,13,25,26,24
18,58,33,6,13,25,26,24,33
58,33,6,13,25,26,24,33,1
33,6,13,25,26,24,33,1,4
6,13,25,26,24,33,1,4,12
13,25,26,24,33,1,4,12,4
25,26,24,33,1,4,12,4,10
26,24,33,1,4,12,4,10,12
24,33,1,4,12,4,10,12,4
-1,47,8,25,0,14,13,0,27
47,8,25,0,14,13,0,27,2
8,25,0,14,13,0,27,2,0
25,0,14,13,0,27,2,0,23
0,14,13,0,27,2,0,23,3
14,13,0,27,2,0,23,3,6
13,0,27,2,0,23,3,6,1
0,27,2,0,23,3,6,1,3
27,2,0,23,3,6,1,3,23
2,0,23,3,6,1,3,23,17
0,23,3,6,1,3,23,17,31
23,3,6,1,3,23,17,31,16
3,6,1,3,23,17,31,16,21
6,1,3,23,17,31,16,21,14
1,3,23,17,31,16,21,14,17
30,22,9,50,57,45,29,40,16
22,9,50,57,45,29,40,16,8
9,50,57,45,29,40,16,8,17
50,57,45,29,40,16,8,17,32
57,45,29,40,16,8,17,32,11
45,29,40,16,8,17,32,11,16
29,40,16,8,17,32,11,16,15
40,16,8,17,32,11,16,15,33
16,8,17,32,11,16,15,33,18
8,17,32,11,16,15,33,18,9
17,32,11,16,15,33,18,9,11
32,11,16,15,33,18,9,11,57
11,16,15,33,18,9,11,57,21
16,15,33,18,9,11,57,21,15
15,33,18,9,11,57,21,15,34
2,10,25,9,10,0,23,4,1
10,25,9,10,0,23,4,1,6
25,9,10,0,23,4,1,6,3
9,10,0,23,4,1,6,3,21
10,0,23,4,1,6,3,21,19
0,23,4,1,6,3,21,19,21
23,4,1,6,3,21,19,21,10
4,1,6,3,21,19,21,10,14
1,6,3,21,19,21,10,14,32
6,3,21,19,21,10,14,32,2
3,21,19,21,10,14,32,2,18
21,19,21,10,14,32,2,18,37
19,21,10,14,32,2,18,37,7
21,10,14,32,2,18,37,7,14
10,14,32,2,18,37,7,14,0
0,31,36,80,5,47,78,62,45
31,36,80,5,47,78,62,45,29
36,80,5,47,78,62,45,29,57
80,5,47,78,62,45,29,57,47
5,47,78,62,45,29,57,47,6
47,78,62,45,29,57,47,6,0
78,62,45,29,57,47,6,0,28
62,45,29,57,47,6,0,28,23
45,29,57,47,6,0,28,23,59
29,57,47,6,0,28,23,59,41
57,47,6,0,28,23,59,41,35
47,6,0,28,23,59,41,35,13
6,0,28,23,59,41,35,13,35
0,28,23,59,41,35,13,35,12
28,23,59,41,35,13,35,12,59
34,24,41,33,15,33,41,27,29
24,41,33,15,33,41,27,29,11
41,33,15,33,41,27,29,11,7
33,15,33,41,27,29,11,7,10
15,33,41,27,29,11,7,10,-1
33,41,27,29,11,7,10,-1,-1
41,27,29,11,7,10,-1,-1,-1
27,29,11,7,10,-1,-1,-1,6
29,11,7,10,-1,-1,-1,6,34
11,7,10,-1,-1,-1,6,34,6
7,10,-1,-1,-1,6,34,6,0
10,-1,-1,-1,6,34,6,0,0
-1,-1,-1,6,34,6,0,0,0
-1,-1,6,34,6,0,0,0,16
-1,6,34,6,0,0,0,16,6
14,12,8,0,25,13,2,14,15
12,8,0,25,13,2,14,15,3
8,0,25,13,2,14,15,3,4
0,25,13,2,14,15,3,4,0
25,13,2,14,15,3,4,0,8
13,2,14,15,3,4,0,8,4
2,14,15,3,4,0,8,4,9
14,15,3,4,0,8,4,9,4
15,3,4,0,8,4,9,4,25
3,4,0,8,4,9,4,25,7
4,0,8,4,9,4,25,7,42
0,8,4,9,4,25,7,42,8
8,4,9,4,25,7,42,8,4
4,9,4,25,7,42,8,4,20
9,4,25,7,42,8,4,20,21
41,15,20,50,28,23,20,4,22
15,20,50,28,23,20,4,22,9
20,50,28,23,20,4,22,9,14
50,28,23,20,4,22,9,14,6
28,23,20,4,22,9,14,6,8
23,20,4,22,9,14,6,8,7
20,4,22,9,14,6,8,7,21
4,22,9,14,6,8,7,21,8
22,9,14,6,8,7,21,8,29
9,14,6,8,7,21,8,29,25
14,6,8,7,21,8,29,25,14
6,8,7,21,8,29,25,14,15
8,7,21,8,29,25,14,15,20
7,21,8,29,25,14,15,20,18
21,8,29,25,14,15,20,18,24
6,11,33,3,13,3,8,1,1
11,33,3,13,3,8,1,1,7
33,3,13,3,8,1,1,7,6
3,13,3,8,1,1,7,6,15
13,3,8,1,1,7,6,15,22
3,8,1,1,7,6,15,22,18
8,1,1,7,6,15,22,18,5
1,1,7,6,15,22,18,5,14
1,7,6,15,22,18,5,14,10
7,6,15,22,18,5,14,10,27
6,15,22,18,5,14,10,27,21
15,22,18,5,14,10,27,21,18
22,18,5,14,10,27,21,18,15
18,5,14,10,27,21,18,15,28
5,14,10,27,21,18,15,28,22
6,4,15,19,9,15,28,20,25
4,15,19,9,15,28,20,25,19
15,19,9,15,28,20,25,19,37
19,9,15,28,20,25,19,37,39
9,15,28,20,25,19,37,39,42
15,28,20,25,19,37,39,42,16
28,20,25,19,37,39,42,16,12
20,25,19,37,39,42,16,12,19
25,19,37,39,42,16,12,19,1
19,37,39,42,16,12,19,1,27
37,39,42,16,12,19,1,27,30
39,42,16,12,19,1,27,30,11
42,16,12,19,1,27,30,11,6
16,12,19,1,27,30,11,6,4
12,19,1,27,30,11,6,4,13
28,22,26,22,42,55,45,26,55
22,26,22,42,55,45,26,55,38
26,22,42,55,45,26,55,38,10
22,42,55,45,26,55,38,10,6
42,55,45,26,55,38,10,6,20
55,45,26,55,38,10,6,20,23
45,26,55,38,10,6,20,23,37
26,55,38,10,6,20,23,37,29
55,38,10,6,20,23,37,29,5
38,10,6,20,23,37,29,5,12
10,6,20,23,37,29,5,12,23
6,20,23,37,29,5,12,23,6
20,23,37,29,5,12,23,6,17
23,37,29,5,12,23,6,17,14
37,29,5,12,23,6,17,14,6
-1,47,14,20,0,21,20,0,21
47,14,20,0,21,20,0,21,1
14,20,0,21,20,0,21,1,3
20,0,21,20,0,21,1,3,24
0,21,20,0,21,1,3,24,13
21,20,0,21,1,3,24,13,12
20,0,21,1,3,24,13,12,1
0,21,1,3,24,13,12,1,4
21,1,3,24,13,12,1,4,17
1,3,24,13,12,1,4,17,14
3,24,13,12,1,4,17,14,27
24,13,12,1,4,17,14,27,21
13,12,1,4,17,14,27,21,23
12,1,4,17,14,27,21,23,8
1,4,17,14,27,21,23,8,24
41,25,16,49,56,48,42,42,17
25,16,49,56,48,42,42,17,4
16,49,56,48,42,42,17,4,31
49,56,48,42,42,17,4,31,33
56,48,42,42,17,4,31,33,8
48,42,42,17,4,31,33,8,4
42,42,17,4,31,33,8,4,23
42,17,4,31,33,8,4,23,25
17,4,31,33,8,4,23,25,31
4,31,33,8,4,23,25,31,8
31,33,8,4,23,25,31,8,40
33,8,4,23,25,31,8,40,57
8,4,23,25,31,8,40,57,32
4,23,25,31,8,40,57,32,17
23,25,31,8,40,57,32,17,32
8,14,16,6,10,5,20,1,0
14,16,6,10,5,20,1,0,16
16,6,10,5,20,1,0,16,5
6,10,5,20,1,0,16,5,22
10,5,20,1,0,16,5,22,14
5,20,1,0,16,5,22,14,36
20,1,0,16,5,22,14,36,6
1,0,16,5,22,14,36,6,20
0,16,5,22,14,36,6,20,37
16,5,22,14,36,6,20,37,1
5,22,14,36,6,20,37,1,25
22,14,36,6,20,37,1,25,39
14,36,6,20,37,1,25,39,7
36,6,20,37,1,25,39,7,16
6,20,37,1,25,39,7,16,0
0,31,53,93,3,44,70,65,55
31,53,93,3,44,70,65,55,49
53,93,3,44,70,65,55,49,71
93,3,44,70,65,55,49,71,50
3,44,70,65,55,49,71,50,-1
44,70,65,55,49,71,50,-1,8
70,65,55,49,71,50,-1,8,37
65,55,49,71,50,-1,8,37,18
55,49,71,50,-1,8,37,18,57
49,71,50,-1,8,37,18,57,49
71,50,-1,8,37,18,57,49,21
50,-1,8,37,18,57,49,21,-1
-1,8,37,18,57,49,21,-1,50
8,37,18,57,49,21,-1,50,21
37,18,57,49,21,-1,50,21,68
26,14,42,34,16,35,45,36,29
14,42,34,16,35,45,36,29,11
42,34,16,35,45,36,29,11,13
34,16,35,45,36,29,11,13,8
16,35,45,36,29,11,13,8,-1
35,45,36,29,11,13,8,-1,0
45,36,29,11,13,8,-1,0,-1
36,29,11,13,8,-1,0,-1,0
29,11,13,8,-1,0,-1,0,39
11,13,8,-1,0,-1,0,39,3
13,8,-1,0,-1,0,39,3,0
8,-1,0,-1,0,39,3,0,3
-1,0,-1,0,39,3,0,3,-1
0,-1,0,39,3,0,3,-1,16
-1,0,39,3,0,3,-1,16,0
12,1,11,0,33,17,1,12,23
1,11,0,33,17,1,12,23,9
11,0,33,17,1,12,23,9,6
0,33,17,1,12,23,9,6,0
33,17,1,12,23,9,6,0,11
17,1,12,23,9,6,0,11,11
1,12,23,9,6,0,11,11,1
12,23,9,6,0,11,11,1,14
23,9,6,0,11,11,1,14,33
9,6,0,11,11,1,14,33,29
6,0,11,11,1,14,33,29,34
0,11,11,1,14,33,29,34,9
11,11,1,14,33,29,34,9,6
11,1,14,33,29,34,9,6,25
1,14,33,29,34,9,6,25,22
40,38,30,43,26,30,28,13,20
38,30,43,26,30,28,13,20,9
30,43,26,30,28,13,20,9,17
43,26,30,28,13,20,9,17,16
26,30,28,13,20,9,17,16,11
30,28,13,20,9,17,16,11,18
28,13,20,9,17,16,11,18,36
13,20,9,17,16,11,18,36,18
20,9,17,16,11,18,36,18,32
9,17,16,11,18,36,18,32,30
17,16,11,18,36,18,32,30,16
16,11,18,36,18,32,30,16,18
11,18,36,18,32,30,16,18,17
18,36,18,32,30,16,18,17,27
36,18,32,30,16,18,17,27,12
16,1,28,5,13,4,11,9,1
1,28,5,13,4,11,9,1,6
28,5,13,4,11,9,1,6,15
5,13,4,11,9,1,6,15,9
13,4,11,9,1,6,15,9,23
4,11,9,1,6,15,9,23,11
11,9,1,6,15,9,23,11,5
9,1,6,15,9,23,11,5,14
1,6,15,9,23,11,5,14,10
6,15,9,23,11,5,14,10,30
15,9,23,11,5,14,10,30,15
9,23,11,5,14,10,30,15,27
23,11,5,14,10,30,15,27,33
11,5,14,10,30,15,27,33,31
5,14,10,30,15,27,33,31,27
13,4,24,21,10,22,33,18,21
4,24,21,10,22,33,18,21,31
24,21,10,22,33,18,21,31,47
21,10,22,33,18,21,31,47,39
10,22,33,18,21,31,47,39,37
22,33,18,21,31,47,39,37,18
33,18,21,31,47,39,37,18,18
18,21,31,47,39,37,18,18,18
21,31,47,39,37,18,18,18,8
31,47,39,37,18,18,18,8,27
47,39,37,18,18,18,8,27,28
39,37,18,18,18,8,27,28,21
37,18,18,18,8,27,28,21,12
18,18,18,8,27,28,21,12,7
18,18,8,27,28,21,12,7,11
26,23,31,22,43,49,43,33,59
23,31,22,43,49,43,33,59,31
31,22,43,49,43,33,59,31,19
22,43,49,43,33,59,31,19,7
43,49,43,33,59,31,19,7,29
49,43,33,59,31,19,7,29,22
43,33,59,31,19,7,29,22,38
33,59,31,19,7,29,22,38,34
59,31,19,7,29,22,38,34,7
31,19,7,29,22,38,34,7,12
19,7,29,22,38,34,7,12,36
7,29,22,38,34,7,12,36,1
29,22,38,34,7,12,36,1,11
22,38,34,7,12,36,1,11,19
38,34,7,12,36,1,11,19,6
-1,31,20,11,3,21,31,0,13
31,20,11,3,21,31,0,13,4
20,11,3,21,31,0,13,4,14
11,3,21,31,0,13,4,14,22
3,21,31,0,13,4,14,22,22
21,31,0,13,4,14,22,22,16
31,0,13,4,14,22,22,16,5
0,13,4,14,22,22,16,5,4
13,4,14,22,22,16,5,4,14
4,14,22,22,16,5,4,14,21
14,22,22,16,5,4,14,21,35
22,22,16,5,4,14,21,35,29
22,16,5,4,14,21,35,29,23
16,5,4,14,21,35,29,23,3
5,4,14,21,35,29,23,3,28
44,34,22,45,64,57,56,41,9
34,22,45,64,57,56,41,9,8
22,45,64,57,56,41,9,8,44
45,64,57,56,41,9,8,44,31
64,57,56,41,9,8,44,31,21
57,56,41,9,8,44,31,21,6
56,41,9,8,44,31,21,6,23
41,9,8,44,31,21,6,23,30
9,8,44,31,21,6,23,30,36
8,44,31,21,6,23,30,36,6
44,31,21,6,23,30,36,6,64
31,21,6,23,30,36,6,64,51
21,6,23,30,36,6,64,51,30
6,23,30,36,6,64,51,30,13
23,30,36,6,64,51,30,13,24
8,8,18,6,3,5,15,6,4
8,18,6,3,5,15,6,4,13
18,6,3,5,15,6,4,13,17
6,3,5,15,6,4,13,17,23
3,5,15,6,4,13,17,23,14
5,15,6,4,13,17,23,14,35
15,6,4,13,17,23,14,35,0
6,4,13,17,23,14,35,0,18
4,13,17,23,14,35,0,18,34
13,17,23,14,35,0,18,34,1
17,23,14,35,0,18,34,1,32
23,14,35,0,18,34,1,32,38
14,35,0,18,34,1,32,38,9
35,0,18,34,1,32,38,9,16
0,18,34,1,32,38,9,16,0
1,31,54,75,4,34,62,62,61
31,54,75,4,34,62,62,61,49
54,75,4,34,62,62,61,49,64
75,4,34,62,62,61,49,64,45
4,34,62,62,61,49,64,45,16
34,62,62,61,49,64,45,16,15
62,62,61,49,64,45,16,15,37
62,61,49,64,45,16,15,37,14
61,49,64,45,16,15,37,14,60
49,64,45,16,15,37,14,60,61
64,45,16,15,37,14,60,61,6
45,16,15,37,14,60,61,6,16
16,15,37,14,60,61,6,16,52
15,37,14,60,61,6,16,52,23
37,14,60,61,6,16,52,23,70
23,9,50,31,21,30,52,37,36
9,50,31,21,30,52,37,36,19
50,31,21,30,52,37,36,19,26
31,21,30,52,37,36,19,26,20
21,30,52,37,36,19,26,20,-1
30,52,37,36,19,26,20,-1,7
52,37,36,19,26,20,-1,7,-1
37,36,19,26,20,-1,7,-1,11
36,19,26,20,-1,7,-1,11,31
19,26,20,-1,7,-1,11,31,0
26,20,-1,7,-1,11,31,0,0
20,-1,7,-1,11,31,0,0,3
-1,7,-1,11,31,0,0,3,-1
7,-1,11,31,0,0,3,-1,10
-1,11,31,0,0,3,-1,10,5
9,3,6,1,36,22,0,18,22
3,6,1,36,22,0,18,22,17
6,1,36,22,0,18,22,17,4
1,36,22,0,18,22,17,4,10
36,22,0,18,22,17,4,10,16
22,0,18,22,17,4,10,16,10
0,18,22,17,4,10,16,10,9
18,22,17,4,10,16,10,9,14
22,17,4,10,16,10,9,14,39
17,4,10,16,10,9,14,39,42
4,10,16,10,9,14,39,42,25
10,16,10,9,14,39,42,25,9
16,10,9,14,39,42,25,9,7
10,9,14,39,42,25,9,7,27
9,14,39,42,25,9,7,27,23
46,43,30,36,30,41,20,12,24
43,30,36,30,41,20,12,24,15
30,36,30,41,20,12,24,15,21
36,30,41,20,12,24,15,21,11
30,41,20,12,24,15,21,11,16
41,20,12,24,15,21,11,16,21
20,12,24,15,21,11,16,21,22
12,24,15,21,11,16,21,22,22
24,15,21,11,16,21,22,22,37
15,21,11,16,21,22,22,37,26
21,11,16,21,22,22,37,26,15
11,16,21,22,22,37,26,15,21
16,21,22,22,37,26,15,21,25
21,22,22,37,26,15,21,25,30
22,22,37,26,15,21,25,30,21
11,10,28,2,20,6,11,14,1
10,28,2,20,6,11,14,1,11
28,2,20,6,11,14,1,11,12
2,20,6,11,14,1,11,12,19
20,6,11,14,1,11,12,19,22
6,11,14,1,11,12,19,22,18
11,14,1,11,12,19,22,18,9
14,1,11,12,19,22,18,9,13
1,11,12,19,22,18,9,13,7
11,12,19,22,18,9,13,7,37
12,19,22,18,9,13,7,37,23
19,22,18,9,13,7,37,23,25
22,18,9,13,7,37,23,25,36
18,9,13,7,37,23,25,36,34
9,13,7,37,23,25,36,34,20
23,12,38,14,10,20,40,27,26
12,38,14,10,20,40,27,26,38
38,14,10,20,40,27,26,38,48
14,10,20,40,27,26,38,48,34
10,20,40,27,26,38,48,34,38
20,40,27,26,38,48,34,38,20
40,27,26,38,48,34,38,20,21
27,26,38,48,34,38,20,21,13
26,38,48,34,38,20,21,13,11
38,48,34,38,20,21,13,11,35
48,34,38,20,21,13,11,35,24
34,38,20,21,13,11,35,24,21
38,20,21,13,11,35,24,21,14
20,21,13,11,35,24,21,14,6
21,13,11,35,24,21,14,6,10
31,23,34,27,35,47,44,53,54
23,34,27,35,47,44,53,54,23
34,27,35,47,44,53,54,23,19
27,35,47,44,53,54,23,19,16
35,47,44,53,54,23,19,16,42
47,44,53,54,23,19,16,42,20
44,53,54,23,19,16,42,20,32
53,54,23,19,16,42,20,32,32
54,23,19,16,42,20,32,32,9
23,19,16,42,20,32,32,9,18
19,16,42,20,32,32,9,18,44
16,42,20,32,32,9,18,44,1
42,20,32,32,9,18,44,1,17
20,32,32,9,18,44,1,17,13
32,32,9,18,44,1,17,13,0
18,17,19,5,4,21,32,0,4
17,19,5,4,21,32,0,4,7
19,5,4,21,32,0,4,7,19
5,4,21,32,0,4,7,19,13
4,21,32,0,4,7,19,13,26
21,32,0,4,7,19,13,26,15
32,0,4,7,19,13,26,15,4
0,4,7,19,13,26,15,4,0
4,7,19,13,26,15,4,0,19
7,19,13,26,15,4,0,19,14
19,13,26,15,4,0,19,14,42
13,26,15,4,0,19,14,42,26
26,15,4,0,19,14,42,26,20
15,4,0,19,14,42,26,20,12
4,0,19,14,42,26,20,12,33
33,38,23,63,67,57,66,39,7
38,23,63,67,57,66,39,7,12
23,63,67,57,66,39,7,12,43
63,67,57,66,39,7,12,43,21
67,57,66,39,7,12,43,21,17
57,66,39,7,12,43,21,17,6
66,39,7,12,43,21,17,6,18
39,7,12,43,21,17,6,18,15
7,12,43,21,17,6,18,15,22
12,43,21,17,6,18,15,22,32
43,21,17,6,18,15,22,32,75
21,17,6,18,15,22,32,75,46
17,6,18,15,22,32,75,46,36
6,18,15,22,32,75,46,36,21
18,15,22,32,75,46,36,21,23
8,23,20,4,0,5,12,9,10
23,20,4,0,5,12,9,10,9
20,4,0,5,12,9,10,9,19
4,0,5,12,9,10,9,19,26
0,5,12,9,10,9,19,26,9
5,12,9,10,9,19,26,9,54
12,9,10,9,19,26,9,54,0
9,10,9,19,26,9,54,0,9
10,9,19,26,9,54,0,9,30
9,19,26,9,54,0,9,30,4
19,26,9,54,0,9,30,4,35
26,9,54,0,9,30,4,35,41
9,54,0,9,30,4,35,41,3
54,0,9,30,4,35,41,3,24
0,9,30,4,35,41,3,24,13
9,33,59,54,7,40,49,70,70
33,59,54,7,40,49,70,70,57
59,54,7,40,49,70,70,57,62
54,7,40,49,70,70,57,62,32
7,40,49,70,70,57,62,32,18
40,49,70,70,57,62,32,18,26
49,70,70,57,62,32,18,26,42
70,70,57,62,32,18,26,42,6
70,57,62,32,18,26,42,6,64
57,62,32,18,26,42,6,64,72
62,32,18,26,42,6,64,72,0
32,18,26,42,6,64,72,0,19
18,26,42,6,64,72,0,19,39
26,42,6,64,72,0,19,39,25
42,6,64,72,0,19,39,25,67
21,2,55,38,24,24,46,33,32
2,55,38,24,24,46,33,32,22
55,38,24,24,46,33,32,22,46
38,24,24,46,33,32,22,46,38
24,24,46,33,32,22,46,38,-1
24,46,33,32,22,46,38,-1,16
46,33,32,22,46,38,-1,16,2
33,32,22,46,38,-1,16,2,18
32,22,46,38,-1,16,2,18,16
22,46,38,-1,16,2,18,16,6
46,38,-1,16,2,18,16,6,6
38,-1,16,2,18,16,6,6,3
-1,16,2,18,16,6,6,3,4
16,2,18,16,6,6,3,4,11
2,18,16,6,6,3,4,11,5
6,0,2,4,37,24,0,23,23
0,2,4,37,24,0,23,23,13
2,4,37,24,0,23,23,13,6
4,37,24,0,23,23,13,6,17
37,24,0,23,23,13,6,17,7
24,0,23,23,13,6,17,7,14
0,23,23,13,6,17,7,14,16
23,23,13,6,17,7,14,16,16
23,13,6,17,7,14,16,16,39
13,6,17,7,14,16,16,39,54
6,17,7,14,16,16,39,54,22
17,7,14,16,16,39,54,22,9
7,14,16,16,39,54,22,9,7
14,16,16,39,54,22,9,7,29
16,16,39,54,22,9,7,29,29
34,62,29,41,37,51,23,20,28
62,29,41,37,51,23,20,28,17
29,41,37,51,23,20,28,17,17
41,37,51,23,20,28,17,17,23
37,51,23,20,28,17,17,23,23
51,23,20,28,17,17,23,23,21
23,20,28,17,17,23,23,21,22
20,28,17,17,23,23,21,22,21
28,17,17,23,23,21,22,21,47
17,17,23,23,21,22,21,47,41
17,23,23,21,22,21,47,41,15
23,23,21,22,21,47,41,15,23
23,21,22,21,47,41,15,23,21
21,22,21,47,41,15,23,21,44
22,21,47,41,15,23,21,44,16
12,7,34,8,17,9,11,22,1
7,34,8,17,9,11,22,1,6
34,8,17,9,11,22,1,6,18
8,17,9,11,22,1,6,18,16
17,9,11,22,1,6,18,16,25
9,11,22,1,6,18,16,25,11
11,22,1,6,18,16,25,11,12
22,1,6,18,16,25,11,12,13
1,6,18,16,25,11,12,13,12
6,18,16,25,11,12,13,12,37
18,16,25,11,12,13,12,37,22
16,25,11,12,13,12,37,22,27
25,11,12,13,12,37,22,27,50
11,12,13,12,37,22,27,50,43
12,13,12,37,22,27,50,43,16
31,20,32,18,7,20,48,27,27
20,32,18,7,20,48,27,27,58
32,18,7,20,48,27,27,58,46
18,7,20,48,27,27,58,46,34
7,20,48,27,27,58,46,34,39
20,48,27,27,58,46,34,39,27
48,27,27,58,46,34,39,27,22
27,27,58,46,34,39,27,22,8
27,58,46,34,39,27,22,8,19
58,46,34,39,27,22,8,19,26
46,34,39,27,22,8,19,26,15
34,39,27,22,8,19,26,15,21
39,27,22,8,19,26,15,21,19
27,22,8,19,26,15,21,19,7
22,8,19,26,15,21,19,7,16
30,21,40,25,35,44,32,54,60
21,40,25,35,44,32,54,60,16
40,25,35,44,32,54,60,16,34
25,35,44,32,54,60,16,34,23
35,44,32,54,60,16,34,23,38
44,32,54,60,16,34,23,38,18
32,54,60,16,34,23,38,18,35
54,60,16,34,23,38,18,35,44
60,16,34,23,38,18,35,44,9
16,34,23,38,18,35,44,9,18
34,23,38,18,35,44,9,18,47
23,38,18,35,44,9,18,47,0
38,18,35,44,9,18,47,0,8
18,35,44,9,18,47,0,8,11
35,44,9,18,47,0,8,11,2
0,14,23,13,4,22,37,0,7
14,23,13,4,22,37,0,7,10
23,13,4,22,37,0,7,10,29
13,4,22,37,0,7,10,29,-1
4,22,37,0,7,10,29,-1,18
22,37,0,7,10,29,-1,18,16
37,0,7,10,29,-1,18,16,4
0,7,10,29,-1,18,16,4,1
7,10,29,-1,18,16,4,1,25
10,29,-1,18,16,4,1,25,32
29,-1,18,16,4,1,25,32,41
-1,18,16,4,1,25,32,41,21
18,16,4,1,25,32,41,21,20
16,4,1,25,32,41,21,20,23
4,1,25,32,41,21,20,23,26
37,50,29,63,72,59,78,36,7
50,29,63,72,59,78,36,7,19
29,63,72,59,78,36,7,19,46
63,72,59,78,36,7,19,46,20
72,59,78,36,7,19,46,20,23
59,78,36,7,19,46,20,23,8
78,36,7,19,46,20,23,8,10
36,7,19,46,20,23,8,10,20
7,19,46,20,23,8,10,20,22
19,46,20,23,8,10,20,22,50
46,20,23,8,10,20,22,50,62
20,23,8,10,20,22,50,62,-1
23,8,10,20,22,50,62,-1,26
8,10,20,22,50,62,-1,26,22
10,20,22,50,62,-1,26,22,28
20,21,25,6,0,4,9,9,10
21,25,6,0,4,9,9,10,6
25,6,0,4,9,9,10,6,22
6,0,4,9,9,10,6,22,30
0,4,9,9,10,6,22,30,21
4,9,9,10,6,22,30,21,54
9,9,10,6,22,30,21,54,0
9,10,6,22,30,21,54,0,6
10,6,22,30,21,54,0,6,40
6,22,30,21,54,0,6,40,7
22,30,21,54,0,6,40,7,24
30,21,54,0,6,40,7,24,47
21,54,0,6,40,7,24,47,3
54,0,6,40,7,24,47,3,20
0,6,40,7,24,47,3,20,15
15,36,61,28,6,42,47,67,76
36,61,28,6,42,47,67,76,51
61,28,6,42,47,67,76,51,51
28,6,42,47,67,76,51,51,21
6,42,47,67,76,51,51,21,24
42,47,67,76,51,51,21,24,24
47,67,76,51,51,21,24,24,38
67,76,51,51,21,24,24,38,21
76,51,51,21,24,24,38,21,66
51,51,21,24,24,38,21,66,71
51,21,24,24,38,21,66,71,5
21,24,24,38,21,66,71,5,30
24,24,38,21,66,71,5,30,22
24,38,21,66,71,5,30,22,21
38,21,66,71,5,30,22,21,55
30,6,56,42,32,24,44,24,41
6,56,42,32,24,44,24,41,28
56,42,32,24,44,24,41,28,60
42,32,24,44,24,41,28,60,36
32,24,44,24,41,28,60,36,-1
24,44,24,41,28,60,36,-1,15
44,24,41,28,60,36,-1,15,9
24,41,28,60,36,-1,15,9,25
41,28,60,36,-1,15,9,25,24
28,60,36,-1,15,9,25,24,17
60,36,-1,15,9,25,24,17,10
36,-1,15,9,25,24,17,10,0
-1,15,9,25,24,17,10,0,7
15,9,25,24,17,10,0,7,14
9,25,24,17,10,0,7,14,8
2,3,2,4,32,20,6,32,11
3,2,4,32,20,6,32,11,12
2,4,32,20,6,32,11,12,11
4,32,20,6,32,11,12,11,23
32,20,6,32,11,12,11,23,5
20,6,32,11,12,11,23,5,9
6,32,11,12,11,23,5,9,16
32,11,12,11,23,5,9,16,21
11,12,11,23,5,9,16,21,27
12,11,23,5,9,16,21,27,57
11,23,5,9,16,21,27,57,22
23,5,9,16,21,27,57,22,17
5,9,16,21,27,57,22,17,5
9,16,21,27,57,22,17,5,29
16,21,27,57,22,17,5,29,32
45,62,27,58,53,48,23,-1,41
62,27,58,53,48,23,-1,41,12
27,58,53,48,23,-1,41,12,14
58,53,48,23,-1,41,12,14,14
53,48,23,-1,41,12,14,14,25
48,23,-1,41,12,14,14,25,34
23,-1,41,12,14,14,25,34,16
-1,41,12,14,14,25,34,16,13
41,12,14,14,25,34,16,13,48
12,14,14,25,34,16,13,48,34
14,14,25,34,16,13,48,34,15
14,25,34,16,13,48,34,15,27
25,34,16,13,48,34,15,27,29
34,16,13,48,34,15,27,29,48
16,13,48,34,15,27,29,48,22
0,20,37,14,22,8,16,17,1
20,37,14,22,8,16,17,1,9
37,14,22,8,16,17,1,9,11
14,22,8,16,17,1,9,11,26
22,8,16,17,1,9,11,26,25
8,16,17,1,9,11,26,25,20
16,17,1,9,11,26,25,20,12
17,1,9,11,26,25,20,12,18
1,9,11,26,25,20,12,18,7
9,11,26,25,20,12,18,7,34
11,26,25,20,12,18,7,34,26
26,25,20,12,18,7,34,26,20
25,20,12,18,7,34,26,20,35
20,12,18,7,34,26,20,35,51
12,18,7,34,26,20,35,51,11
20,25,39,7,8,20,57,25,27
25,39,7,8,20,57,25,27,66
39,7,8,20,57,25,27,66,48
7,8,20,57,25,27,66,48,21
8,20,57,25,27,66,48,21,31
20,57,25,27,66,48,21,31,27
57,25,27,66,48,21,31,27,19
25,27,66,48,21,31,27,19,6
27,66,48,21,31,27,19,6,13
66,48,21,31,27,19,6,13,26
48,21,31,27,19,6,13,26,18
21,31,27,19,6,13,26,18,23
31,27,19,6,13,26,18,23,12
27,19,6,13,26,18,23,12,6
19,6,13,26,18,23,12,6,15
34,17,39,21,38,47,39,49,53
17,39,21,38,47,39,49,53,10
39,21,38,47,39,49,53,10,38
21,38,47,39,49,53,10,38,24
38,47,39,49,53,10,38,24,37
47,39,49,53,10,38,24,37,20
39,49,53,10,38,24,37,20,37
49,53,10,38,24,37,20,37,64
53,10,38,24,37,20,37,64,5
10,38,24,37,20,37,64,5,21
38,24,37,20,37,64,5,21,44
24,37,20,37,64,5,21,44,6
37,20,37,64,5,21,44,6,14
20,37,64,5,21,44,6,14,9
37,64,5,21,44,6,14,9,14
15,18,49,25,4,16,28,0,12
18,49,25,4,16,28,0,12,16
49,25,4,16,28,0,12,16,29
25,4,16,28,0,12,16,29,-1
4,16,28,0,12,16,29,-1,22
16,28,0,12,16,29,-1,22,20
28,0,12,16,29,-1,22,20,4
0,12,16,29,-1,22,20,4,12
12,16,29,-1,22,20,4,12,23
16,29,-1,22,20,4,12,23,31
29,-1,22,20,4,12,23,31,29
-1,22,20,4,12,23,31,29,10
22,20,4,12,23,31,29,10,20
20,4,12,23,31,29,10,20,29
4,12,23,31,29,10,20,29,23
36,53,32,62,64,62,62,35,20
53,32,62,64,62,62,35,20,23
32,62,64,62,62,35,20,23,36
62,64,62,62,35,20,23,36,19
64,62,62,35,20,23,36,19,18
62,62,35,20,23,36,19,18,10
62,35,20,23,36,19,18,10,4
35,20,23,36,19,18,10,4,30
20,23,36,19,18,10,4,30,16
23,36,19,18,10,4,30,16,81
36,19,18,10,4,30,16,81,50
19,18,10,4,30,16,81,50,51
18,10,4,30,16,81,50,51,21
10,4,30,16,81,50,51,21,33
4,30,16,81,50,51,21,33,30
28,29,24,7,11,3,6,6,17
29,24,7,11,3,6,6,17,14
24,7,11,3,6,6,17,14,10
7,11,3,6,6,17,14,10,42
11,3,6,6,17,14,10,42,21
3,6,6,17,14,10,42,21,59
6,6,17,14,10,42,21,59,0
6,17,14,10,42,21,59,0,12
17,14,10,42,21,59,0,12,39
14,10,42,21,59,0,12,39,9
10,42,21,59,0,12,39,9,11
42,21,59,0,12,39,9,11,52
21,59,0,12,39,9,11,52,2
59,0,12,39,9,11,52,2,24
0,12,39,9,11,52,2,24,21
13,51,69,31,6,48,52,67,71
51,69,31,6,48,52,67,71,44
69,31,6,48,52,67,71,44,52
31,6,48,52,67,71,44,52,21
6,48,52,67,71,44,52,21,21
48,52,67,71,44,52,21,21,29
52,67,71,44,52,21,21,29,49
67,71,44,52,21,21,29,49,28
71,44,52,21,21,29,49,28,58
44,52,21,21,29,49,28,58,72
52,21,21,29,49,28,58,72,14
21,21,29,49,28,58,72,14,35
21,29,49,28,58,72,14,35,26
29,49,28,58,72,14,35,26,28
49,28,58,72,14,35,26,28,46
25,9,55,46,29,23,40,19,36
9,55,46,29,23,40,19,36,31
55,46,29,23,40,19,36,31,57
46,29,23,40,19,36,31,57,33
29,23,40,19,36,31,57,33,1
23,40,19,36,31,57,33,1,9
40,19,36,31,57,33,1,9,9
19,36,31,57,33,1,9,9,20
36,31,57,33,1,9,9,20,32
31,57,33,1,9,9,20,32,34
57,33,1,9,9,20,32,34,10
33,1,9,9,20,32,34,10,8
1,9,9,20,32,34,10,8,7
9,9,20,32,34,10,8,7,14
9,20,32,34,10,8,7,14,2
10,11,7,7,37,13,14,39,11
11,7,7,37,13,14,39,11,15
7,7,37,13,14,39,11,15,18
7,37,13,14,39,11,15,18,12
37,13,14,39,11,15,18,12,4
13,14,39,11,15,18,12,4,11
14,39,11,15,18,12,4,11,6
39,11,15,18,12,4,11,6,11
11,15,18,12,4,11,6,11,35
15,18,12,4,11,6,11,35,56
18,12,4,11,6,11,35,56,14
12,4,11,6,11,35,56,14,29
4,11,6,11,35,56,14,29,4
11,6,11,35,56,14,29,4,35
6,11,35,56,14,29,4,35,29
30,56,26,58,67,37,29,-1,47
56,26,58,67,37,29,-1,47,9
26,58,67,37,29,-1,47,9,20
58,67,37,29,-1,47,9,20,22
67,37,29,-1,47,9,20,22,17
37,29,-1,47,9,20,22,17,27
29,-1,47,9,20,22,17,27,14
-1,47,9,20,22,17,27,14,21
47,9,20,22,17,27,14,21,43
9,20,22,17,27,14,21,43,45
20,22,17,27,14,21,43,45,13
22,17,27,14,21,43,45,13,31
17,27,14,21,43,45,13,31,31
27,14,21,43,45,13,31,31,65
14,21,43,45,13,31,31,65,15
6,16,35,21,24,7,11,12,2
16,35,21,24,7,11,12,2,6
35,21,24,7,11,12,2,6,23
21,24,7,11,12,2,6,23,23
24,7,11,12,2,6,23,23,33
7,11,12,2,6,23,23,33,15
11,12,2,6,23,23,33,15,10
12,2,6,23,23,33,15,10,15
2,6,23,23,33,15,10,15,11
6,23,23,33,15,10,15,11,28
23,23,33,15,10,15,11,28,22
23,33,15,10,15,11,28,22,27
33,15,10,15,11,28,22,27,34
15,10,15,11,28,22,27,34,44
10,15,11,28,22,27,34,44,22
23,14,27,14,4,16,50,20,20
14,27,14,4,16,50,20,20,73
27,14,4,16,50,20,20,73,56
14,4,16,50,20,20,73,56,20
4,16,50,20,20,73,56,20,30
16,50,20,20,73,56,20,30,21
50,20,20,73,56,20,30,21,24
20,20,73,56,20,30,21,24,11
20,73,56,20,30,21,24,11,13
73,56,20,30,21,24,11,13,26
56,20,30,21,24,11,13,26,13
20,30,21,24,11,13,26,13,20
30,21,24,11,13,26,13,20,18
21,24,11,13,26,13,20,18,3
24,11,13,26,13,20,18,3,23
36,32,43,21,31,40,40,45,59
32,43,21,31,40,40,45,59,13
43,21,31,40,40,45,59,13,37
21,31,40,40,45,59,13,37,23
31,40,40,45,59,13,37,23,40
40,40,45,59,13,37,23,40,19
40,45,59,13,37,23,40,19,38
45,59,13,37,23,40,19,38,94
59,13,37,23,40,19,38,94,8
13,37,23,40,19,38,94,8,32
37,23,40,19,38,94,8,32,39
23,40,19,38,94,8,32,39,18
40,19,38,94,8,32,39,18,16
19,38,94,8,32,39,18,16,6
38,94,8,32,39,18,16,6,34
19,22,71,26,1,12,32,0,13
22,71,26,1,12,32,0,13,15
71,26,1,12,32,0,13,15,34
26,1,12,32,0,13,15,34,7
1,12,32,0,13,15,34,7,33
12,32,0,13,15,34,7,33,30
32,0,13,15,34,7,33,30,7
0,13,15,34,7,33,30,7,26
13,15,34,7,33,30,7,26,23
15,34,7,33,30,7,26,23,47
34,7,33,30,7,26,23,47,21
7,33,30,7,26,23,47,21,8
33,30,7,26,23,47,21,8,12
30,7,26,23,47,21,8,12,31
7,26,23,47,21,8,12,31,21
45,43,36,55,73,59,61,36,20
43,36,55,73,59,61,36,20,20
36,55,73,59,61,36,20,20,36
55,73,59,61,36,20,20,36,24
73,59,61,36,20,20,36,24,29
59,61,36,20,20,36,24,29,6
61,36,20,20,36,24,29,6,13
36,20,20,36,24,29,6,13,41
20,20,36,24,29,6,13,41,20
20,36,24,29,6,13,41,20,90
36,24,29,6,13,41,20,90,57
24,29,6,13,41,20,90,57,47
29,6,13,41,20,90,57,47,19
6,13,41,20,90,57,47,19,28
13,41,20,90,57,47,19,28,32
36,29,25,15,12,11,4,14,14
29,25,15,12,11,4,14,14,18
25,15,12,11,4,14,14,18,19
15,12,11,4,14,14,18,19,49
12,11,4,14,14,18,19,49,34
11,4,14,14,18,19,49,34,47
4,14,14,18,19,49,34,47,0
14,14,18,19,49,34,47,0,12
14,18,19,49,34,47,0,12,35
18,19,49,34,47,0,12,35,8
19,49,34,47,0,12,35,8,9
49,34,47,0,12,35,8,9,56
34,47,0,12,35,8,9,56,4
47,0,12,35,8,9,56,4,29
0,12,35,8,9,56,4,29,15
8,70,66,47,3,39,62,62,56
70,66,47,3,39,62,62,56,42
66,47,3,39,62,62,56,42,47
47,3,39,62,62,56,42,47,27
3,39,62,62,56,42,47,27,20
39,62,62,56,42,47,27,20,33
62,62,56,42,47,27,20,33,54
62,56,42,47,27,20,33,54,39
56,42,47,27,20,33,54,39,44
42,47,27,20,33,54,39,44,62
47,27,20,33,54,39,44,62,16
27,20,33,54,39,44,62,16,24
20,33,54,39,44,62,16,24,26
33,54,39,44,62,16,24,26,17
54,39,44,62,16,24,26,17,39
31,20,-1,44,30,28,41,19,33
20,-1,44,30,28,41,19,33,34
-1,44,30,28,41,19,33,34,51
44,30,28,41,19,33,34,51,24
30,28,41,19,33,34,51,24,3
28,41,19,33,34,51,24,3,3
41,19,33,34,51,24,3,3,15
19,33,34,51,24,3,3,15,23
33,34,51,24,3,3,15,23,57
34,51,24,3,3,15,23,57,35
51,24,3,3,15,23,57,35,9
24,3,3,15,23,57,35,9,16
3,3,15,23,57,35,9,16,4
3,15,23,57,35,9,16,4,13
15,23,57,35,9,16,4,13,2
24,11,7,14,37,11,15,37,11
11,7,14,37,11,15,37,11,27
7,14,37,11,15,37,11,27,19
14,37,11,15,37,11,27,19,12
37,11,15,37,11,27,19,12,7
11,15,37,11,27,19,12,7,10
15,37,11,27,19,12,7,10,4
37,11,27,19,12,7,10,4,25
11,27,19,12,7,10,4,25,45
27,19,12,7,10,4,25,45,45
19,12,7,10,4,25,45,45,11
12,7,10,4,25,45,45,11,33
7,10,4,25,45,45,11,33,6
10,4,25,45,45,11,33,6,36
4,25,45,45,11,33,6,36,28
9,39,27,54,63,26,29,27,44
39,27,54,63,26,29,27,44,14
27,54,63,26,29,27,44,14,16
54,63,26,29,27,44,14,16,19
63,26,29,27,44,14,16,19,11
26,29,27,44,14,16,19,11,21
29,27,44,14,16,19,11,21,12
27,44,14,16,19,11,21,12,26
44,14,16,19,11,21,12,26,35
14,16,19,11,21,12,26,35,45
16,19,11,21,12,26,35,45,15
19,11,21,12,26,35,45,15,30
11,21,12,26,35,45,15,30,26
21,12,26,35,45,15,30,26,50
12,26,35,45,15,30,26,50,22
11,27,35,22,23,0,7,7,14
27,35,22,23,0,7,7,14,13
35,22,23,0,7,7,14,13,25
22,23,0,7,7,14,13,25,29
23,0,7,7,14,13,25,29,34
0,7,7,14,13,25,29,34,12
7,7,14,13,25,29,34,12,7
7,14,13,25,29,34,12,7,7
14,13,25,29,34,12,7,7,10
13,25,29,34,12,7,7,10,16
25,29,34,12,7,7,10,16,27
29,34,12,7,7,10,16,27,29
34,12,7,7,10,16,27,29,24
12,7,7,10,16,27,29,24,39
7,7,10,16,27,29,24,39,25
21,13,29,10,9,14,35,16,22
13,29,10,9,14,35,16,22,72
29,10,9,14,35,16,22,72,48
10,9,14,35,16,22,72,48,20
9,14,35,16,22,72,48,20,17
14,35,16,22,72,48,20,17,25
35,16,22,72,48,20,17,25,28
16,22,72,48,20,17,25,28,11
22,72,48,20,17,25,28,11,6
72,48,20,17,25,28,11,6,32
48,20,17,25,28,11,6,32,11
20,17,25,28,11,6,32,11,19
17,25,28,11,6,32,11,19,23
25,28,11,6,32,11,19,23,4
28,11,6,32,11,19,23,4,17
35,43,45,31,40,39,44,46,46
43,45,31,40,39,44,46,46,15
45,31,40,39,44,46,46,15,31
31,40,39,44,46,46,15,31,23
40,39,44,46,46,15,31,23,50
39,44,46,46,15,31,23,50,26
44,46,46,15,31,23,50,26,27
46,46,15,31,23,50,26,27,88
46,15,31,23,50,26,27,88,4
15,31,23,50,26,27,88,4,33
31,23,50,26,27,88,4,33,32
23,50,26,27,88,4,33,32,30
50,26,27,88,4,33,32,30,26
26,27,88,4,33,32,30,26,3
27,88,4,33,32,30,26,3,54
19,22,69,26,18,4,38,10,11
22,69,26,18,4,38,10,11,16
69,26,18,4,38,10,11,16,35
26,18,4,38,10,11,16,35,12
18,4,38,10,11,16,35,12,40
4,38,10,11,16,35,12,40,24
38,10,11,16,35,12,40,24,13
10,11,16,35,12,40,24,13,39
11,16,35,12,40,24,13,39,19
16,35,12,40,24,13,39,19,55
35,12,40,24,13,39,19,55,17
12,40,24,13,39,19,55,17,16
40,24,13,39,19,55,17,16,6
24,13,39,19,55,17,16,6,31
13,39,19,55,17,16,6,31,21
42,43,34,56,57,61,47,36,20
43,34,56,57,61,47,36,20,18
34,56,57,61,47,36,20,18,29
56,57,61,47,36,20,18,29,25
57,61,47,36,20,18,29,25,38
61,47,36,20,18,29,25,38,4
47,36,20,18,29,25,38,4,14
36,20,18,29,25,38,4,14,38
20,18,29,25,38,4,14,38,16
18,29,25,38,4,14,38,16,109
29,25,38,4,14,38,16,109,66
25,38,4,14,38,16,109,66,44
38,4,14,38,16,109,66,44,19
4,14,38,16,109,66,44,19,25
14,38,16,109,66,44,19,25,24
23,34,27,12,12,7,4,14,19
34,27,12,12,7,4,14,19,17
27,12,12,7,4,14,19,17,19
12,12,7,4,14,19,17,19,52
12,7,4,14,19,17,19,52,31
7,4,14,19,17,19,52,31,49
4,14,19,17,19,52,31,49,0
14,19,17,19,52,31,49,0,32
19,17,19,52,31,49,0,32,30
17,19,52,31,49,0,32,30,5
19,52,31,49,0,32,30,5,19
52,31,49,0,32,30,5,19,60
31,49,0,32,30,5,19,60,5
49,0,32,30,5,19,60,5,41
0,32,30,5,19,60,5,41,18
6,86,66,69,1,37,59,61,43
86,66,69,1,37,59,61,43,48
66,69,1,37,59,61,43,48,53
69,1,37,59,61,43,48,53,31
1,37,59,61,43,48,53,31,16
37,59,61,43,48,53,31,16,38
59,61,43,48,53,31,16,38,66
61,43,48,53,31,16,38,66,30
43,48,53,31,16,38,66,30,35
48,53,31,16,38,66,30,35,68
53,31,16,38,66,30,35,68,14
31,16,38,66,30,35,68,14,21
16,38,66,30,35,68,14,21,44
38,66,30,35,68,14,21,44,21
66,30,35,68,14,21,44,21,39
27,25,48,38,22,39,42,16,28
25,48,38,22,39,42,16,28,36
48,38,22,39,42,16,28,36,42
38,22,39,42,16,28,36,42,19
22,39,42,16,28,36,42,19,3
39,42,16,28,36,42,19,3,14
42,16,28,36,42,19,3,14,15
16,28,36,42,19,3,14,15,23
28,36,42,19,3,14,15,23,59
36,42,19,3,14,15,23,59,31
42,19,3,14,15,23,59,31,7
19,3,14,15,23,59,31,7,23
3,14,15,23,59,31,7,23,5
14,15,23,59,31,7,23,5,5
15,23,59,31,7,23,5,5,0
27,8,4,22,38,13,9,33,11
8,4,22,38,13,9,33,11,31
4,22,38,13,9,33,11,31,12
22,38,13,9,33,11,31,12,12
38,13,9,33,11,31,12,12,10
13,9,33,11,31,12,12,10,15
9,33,11,31,12,12,10,15,5
33,11,31,12,12,10,15,5,36
11,31,12,12,10,15,5,36,62
31,12,12,10,15,5,36,62,25
12,12,10,15,5,36,62,25,7
12,10,15,5,36,62,25,7,48
10,15,5,36,62,25,7,48,6
15,5,36,62,25,7,48,6,31
5,36,62,25,7,48,6,31,17
24,26,27,58,63,32,15,22,41
26,27,58,63,32,15,22,41,16
27,58,63,32,15,22,41,16,22
58,63,32,15,22,41,16,22,20
63,32,15,22,41,16,22,20,6
32,15,22,41,16,22,20,6,15
15,22,41,16,22,20,6,15,6
22,41,16,22,20,6,15,6,28
41,16,22,20,6,15,6,28,28
16,22,20,6,15,6,28,28,43
22,20,6,15,6,28,28,43,15
20,6,15,6,28,28,43,15,27
6,15,6,28,28,43,15,27,33
15,6,28,28,43,15,27,33,38
6,28,28,43,15,27,33,38,16
15,30,22,26,16,3,3,9,12
30,22,26,16,3,3,9,12,11
22,26,16,3,3,9,12,11,21
26,16,3,3,9,12,11,21,26
16,3,3,9,12,11,21,26,29
3,3,9,12,11,21,26,29,16
3,9,12,11,21,26,29,16,19
9,12,11,21,26,29,16,19,9
12,11,21,26,29,16,19,9,21
11,21,26,29,16,19,9,21,16
21,26,29,16,19,9,21,16,20
26,29,16,19,9,21,16,20,32
29,16,19,9,21,16,20,32,25
16,19,9,21,16,20,32,25,19
19,9,21,16,20,32,25,19,33
22,13,23,19,10,7,28,19,23
13,23,19,10,7,28,19,23,61
23,19,10,7,28,19,23,61,43
19,10,7,28,19,23,61,43,24
10,7,28,19,23,61,43,24,25
7,28,19,23,61,43,24,25,21
28,19,23,61,43,24,25,21,24
19,23,61,43,24,25,21,24,9
23,61,43,24,25,21,24,9,7
61,43,24,25,21,24,9,7,37
43,24,25,21,24,9,7,37,14
24,25,21,24,9,7,37,14,29
25,21,24,9,7,37,14,29,29
21,24,9,7,37,14,29,29,2
24,9,7,37,14,29,29,2,15
38,40,58,27,35,30,42,53,44
40,58,27,35,30,42,53,44,13
58,27,35,30,42,53,44,13,26
27,35,30,42,53,44,13,26,17
35,30,42,53,44,13,26,17,51
30,42,53,44,13,26,17,51,23
42,53,44,13,26,17,51,23,21
53,44,13,26,17,51,23,21,70
44,13,26,17,51,23,21,70,11
13,26,17,51,23,21,70,11,21
26,17,51,23,21,70,11,21,17
17,51,23,21,70,11,21,17,30
51,23,21,70,11,21,17,30,33
23,21,70,11,21,17,30,33,3
21,70,11,21,17,30,33,3,69
19,21,38,25,30,13,36,18,18
21,38,25,30,13,36,18,18,22
38,25,30,13,36,18,18,22,36
25,30,13,36,18,18,22,36,15
30,13,36,18,18,22,36,15,40
13,36,18,18,22,36,15,40,32
36,18,18,22,36,15,40,32,17
18,18,22,36,15,40,32,17,46
18,22,36,15,40,32,17,46,21
22,36,15,40,32,17,46,21,66
36,15,40,32,17,46,21,66,24
15,40,32,17,46,21,66,24,28
40,32,17,46,21,66,24,28,4
32,17,46,21,66,24,28,4,36
17,46,21,66,24,28,4,36,19
49,45,45,67,57,50,54,32,18
45,45,67,57,50,54,32,18,15
45,67,57,50,54,32,18,15,32
67,57,50,54,32,18,15,32,14
57,50,54,32,18,15,32,14,43
50,54,32,18,15,32,14,43,7
54,32,18,15,32,14,43,7,18
32,18,15,32,14,43,7,18,34
18,15,32,14,43,7,18,34,34
15,32,14,43,7,18,34,34,109
32,14,43,7,18,34,34,109,72
14,43,7,18,34,34,109,72,46
43,7,18,34,34,109,72,46,19
7,18,34,34,109,72,46,19,21
18,34,34,109,72,46,19,21,27
21,39,24,7,2,15,6,78,11
39,24,7,2,15,6,78,11,14
24,7,2,15,6,78,11,14,19
7,2,15,6,78,11,14,19,51
2,15,6,78,11,14,19,51,33
15,6,78,11,14,19,51,33,43
6,78,11,14,19,51,33,43,0
78,11,14,19,51,33,43,0,32
11,14,19,51,33,43,0,32,31
14,19,51,33,43,0,32,31,11
19,51,33,43,0,32,31,11,23
51,33,43,0,32,31,11,23,60
33,43,0,32,31,11,23,60,4
43,0,32,31,11,23,60,4,32
0,32,31,11,23,60,4,32,19
11,86,73,97,0,28,59,60,51
86,73,97,0,28,59,60,51,50
73,97,0,28,59,60,51,50,59
97,0,28,59,60,51,50,59,31
0,28,59,60,51,50,59,31,17
28,59,60,51,50,59,31,17,41
59,60,51,50,59,31,17,41,68
60,51,50,59,31,17,41,68,31
51,50,59,31,17,41,68,31,36
50,59,31,17,41,68,31,36,61
59,31,17,41,68,31,36,61,4
31,17,41,68,31,36,61,4,17
17,41,68,31,36,61,4,17,39
41,68,31,36,61,4,17,39,23
68,31,36,61,4,17,39,23,39
31,29,45,43,26,35,40,22,22
29,45,43,26,35,40,22,22,25
45,43,26,35,40,22,22,25,36
43,26,35,40,22,22,25,36,25
26,35,40,22,22,25,36,25,5
35,40,22,22,25,36,25,5,13
40,22,22,25,36,25,5,13,9
22,22,25,36,25,5,13,9,17
22,25,36,25,5,13,9,17,57
25,36,25,5,13,9,17,57,17
36,25,5,13,9,17,57,17,19
25,5,13,9,17,57,17,19,16
5,13,9,17,57,17,19,16,14
13,9,17,57,17,19,16,14,2
9,17,57,17,19,16,14,2,6
29,1,3,19,37,20,1,29,3
1,3,19,37,20,1,29,3,22
3,19,37,20,1,29,3,22,4
19,37,20,1,29,3,22,4,16
37,20,1,29,3,22,4,16,12
20,1,29,3,22,4,16,12,10
1,29,3,22,4,16,12,10,11
29,3,22,4,16,12,10,11,37
3,22,4,16,12,10,11,37,56
22,4,16,12,10,11,37,56,26
4,16,12,10,11,37,56,26,9
16,12,10,11,37,56,26,9,53
12,10,11,37,56,26,9,53,4
10,11,37,56,26,9,53,4,29
11,37,56,26,9,53,4,29,13
23,49,20,46,63,31,14,17,51
49,20,46,63,31,14,17,51,16
20,46,63,31,14,17,51,16,13
46,63,31,14,17,51,16,13,14
63,31,14,17,51,16,13,14,7
31,14,17,51,16,13,14,7,13
14,17,51,16,13,14,7,13,11
17,51,16,13,14,7,13,11,18
51,16,13,14,7,13,11,18,22
16,13,14,7,13,11,18,22,30
13,14,7,13,11,18,22,30,16
14,7,13,11,18,22,30,16,26
7,13,11,18,22,30,16,26,38
13,11,18,22,30,16,26,38,10
11,18,22,30,16,26,38,10,23
14,38,13,26,6,7,3,15,13
38,13,26,6,7,3,15,13,13
13,26,6,7,3,15,13,13,20
26,6,7,3,15,13,13,20,27
6,7,3,15,13,13,20,27,26
7,3,15,13,13,20,27,26,11
3,15,13,13,20,27,26,11,23
15,13,13,20,27,26,11,23,13
13,13,20,27,26,11,23,13,25
13,20,27,26,11,23,13,25,16
20,27,26,11,23,13,25,16,17
27,26,11,23,13,25,16,17,29
26,11,23,13,25,16,17,29,12
11,23,13,25,16,17,29,12,21
23,13,25,16,17,29,12,21,30
18,11,18,16,11,15,19,32,28
11,18,16,11,15,19,32,28,45
18,16,11,15,19,32,28,45,38
16,11,15,19,32,28,45,38,24
11,15,19,32,28,45,38,24,23
15,19,32,28,45,38,24,23,22
19,32,28,45,38,24,23,22,24
32,28,45,38,24,23,22,24,15
28,45,38,24,23,22,24,15,16
45,38,24,23,22,24,15,16,32
38,24,23,22,24,15,16,32,11
24,23,22,24,15,16,32,11,33
23,22,24,15,16,32,11,33,16
22,24,15,16,32,11,33,16,4
24,15,16,32,11,33,16,4,14
45,48,47,27,37,32,49,52,29
48,47,27,37,32,49,52,29,13
47,27,37,32,49,52,29,13,25
27,37,32,49,52,29,13,25,12
37,32,49,52,29,13,25,12,41
32,49,52,29,13,25,12,41,28
49,52,29,13,25,12,41,28,18
52,29,13,25,12,41,28,18,71
29,13,25,12,41,28,18,71,6
13,25,12,41,28,18,71,6,13
25,12,41,28,18,71,6,13,19
12,41,28,18,71,6,13,19,18
41,28,18,71,6,13,19,18,33
28,18,71,6,13,19,18,33,13
18,71,6,13,19,18,33,13,66
12,21,9,34,33,13,35,18,28
21,9,34,33,13,35,18,28,25
9,34,33,13,35,18,28,25,40
34,33,13,35,18,28,25,40,25
33,13,35,18,28,25,40,25,32
13,35,18,28,25,40,25,32,33
35,18,28,25,40,25,32,33,17
18,28,25,40,25,32,33,17,48
28,25,40,25,32,33,17,48,29
25,40,25,32,33,17,48,29,70
40,25,32,33,17,48,29,70,23
25,32,33,17,48,29,70,23,37
32,33,17,48,29,70,23,37,11
33,17,48,29,70,23,37,11,31
17,48,29,70,23,37,11,31,19
45,46,40,78,53,60,57,33,18
46,40,78,53,60,57,33,18,16
40,78,53,60,57,33,18,16,33
78,53,60,57,33,18,16,33,16
53,60,57,33,18,16,33,16,44
60,57,33,18,16,33,16,44,14
57,33,18,16,33,16,44,14,20
33,18,16,33,16,44,14,20,27
18,16,33,16,44,14,20,27,32
16,33,16,44,14,20,27,32,105
33,16,44,14,20,27,32,105,77
16,44,14,20,27,32,105,77,46
44,14,20,27,32,105,77,46,18
14,20,27,32,105,77,46,18,23
20,27,32,105,77,46,18,23,17
25,40,23,0,6,8,6,45,16
40,23,0,6,8,6,45,16,18
23,0,6,8,6,45,16,18,17
0,6,8,6,45,16,18,17,50
6,8,6,45,16,18,17,50,25
8,6,45,16,18,17,50,25,35
6,45,16,18,17,50,25,35,7
45,16,18,17,50,25,35,7,40
16,18,17,50,25,35,7,40,35
18,17,50,25,35,7,40,35,15
17,50,25,35,7,40,35,15,22
50,25,35,7,40,35,15,22,59
25,35,7,40,35,15,22,59,10
35,7,40,35,15,22,59,10,23
7,40,35,15,22,59,10,23,20
14,74,71,98,0,36,61,54,51
74,71,98,0,36,61,54,51,44
71,98,0,36,61,54,51,44,73
98,0,36,61,54,51,44,73,31
0,36,61,54,51,44,73,31,21
36,61,54,51,44,73,31,21,36
61,54,51,44,73,31,21,36,56
54,51,44,73,31,21,36,56,39
51,44,73,31,21,36,56,39,37
44,73,31,21,36,56,39,37,57
73,31,21,36,56,39,37,57,8
31,21,36,56,39,37,57,8,26
21,36,56,39,37,57,8,26,38
36,56,39,37,57,8,26,38,27
56,39,37,57,8,26,38,27,41
19,25,35,48,31,34,40,35,18
25,35,48,31,34,40,35,18,12
35,48,31,34,40,35,18,12,32
48,31,34,40,35,18,12,32,26
31,34,40,35,18,12,32,26,4
34,40,35,18,12,32,26,4,10
40,35,18,12,32,26,4,10,19
35,18,12,32,26,4,10,19,18
18,12,32,26,4,10,19,18,39
12,32,26,4,10,19,18,39,19
32,26,4,10,19,18,39,19,27
26,4,10,19,18,39,19,27,11
4,10,19,18,39,19,27,11,14
10,19,18,39,19,27,11,14,4
19,18,39,19,27,11,14,4,6
16,1,6,11,41,15,0,29,8
1,6,11,41,15,0,29,8,14
6,11,41,15,0,29,8,14,0
11,41,15,0,29,8,14,0,8
41,15,0,29,8,14,0,8,11
15,0,29,8,14,0,8,11,10
0,29,8,14,0,8,11,10,8
29,8,14,0,8,11,10,8,32
8,14,0,8,11,10,8,32,44
14,0,8,11,10,8,32,44,24
0,8,11,10,8,32,44,24,17
8,11,10,8,32,44,24,17,55
11,10,8,32,44,24,17,55,0
10,8,32,44,24,17,55,0,22
8,32,44,24,17,55,0,22,14
19,49,13,36,21,30,7,21,51
49,13,36,21,30,7,21,51,19
13,36,21,30,7,21,51,19,14
36,21,30,7,21,51,19,14,9
21,30,7,21,51,19,14,9,9
30,7,21,51,19,14,9,9,11
7,21,51,19,14,9,9,11,15
21,51,19,14,9,9,11,15,21
51,19,14,9,9,11,15,21,18
19,14,9,9,11,15,21,18,18
14,9,9,11,15,21,18,18,21
9,9,11,15,21,18,18,21,17
9,11,15,21,18,18,21,17,38
11,15,21,18,18,21,17,38,15
15,21,18,18,21,17,38,15,22
7,37,15,25,7,10,4,31,8
37,15,25,7,10,4,31,8,6
15,25,7,10,4,31,8,6,19
25,7,10,4,31,8,6,19,19
7,10,4,31,8,6,19,19,25
10,4,31,8,6,19,19,25,13
4,31,8,6,19,19,25,13,22
31,8,6,19,19,25,13,22,21
8,6,19,19,25,13,22,21,22
6,19,19,25,13,22,21,22,15
19,19,25,13,22,21,22,15,13
19,25,13,22,21,22,15,13,29
25,13,22,21,22,15,13,29,12
13,22,21,22,15,13,29,12,20
22,21,22,15,13,29,12,20,36
19,15,25,17,16,18,19,20,27
15,25,17,16,18,19,20,27,26
25,17,16,18,19,20,27,26,40
17,16,18,19,20,27,26,40,17
16,18,19,20,27,26,40,17,29
18,19,20,27,26,40,17,29,23
19,20,27,26,40,17,29,23,17
20,27,26,40,17,29,23,17,17
27,26,40,17,29,23,17,17,23
26,40,17,29,23,17,17,23,36
40,17,29,23,17,17,23,36,20
17,29,23,17,17,23,36,20,30
29,23,17,17,23,36,20,30,11
23,17,17,23,36,20,30,11,4
17,17,23,36,20,30,11,4,15
56,42,54,24,27,24,58,53,27
42,54,24,27,24,58,53,27,5
54,24,27,24,58,53,27,5,18
24,27,24,58,53,27,5,18,9
27,24,58,53,27,5,18,9,28
24,58,53,27,5,18,9,28,26
58,53,27,5,18,9,28,26,15
53,27,5,18,9,28,26,15,81
27,5,18,9,28,26,15,81,6
5,18,9,28,26,15,81,6,1
18,9,28,26,15,81,6,1,27
9,28,26,15,81,6,1,27,11
28,26,15,81,6,1,27,11,37
26,15,81,6,1,27,11,37,19
15,81,6,1,27,11,37,19,59
3,19,9,39,15,17,27,18,33
19,9,39,15,17,27,18,33,27
9,39,15,17,27,18,33,27,31
39,15,17,27,18,33,27,31,37
15,17,27,18,33,27,31,37,30
17,27,18,33,27,31,37,30,40
27,18,33,27,31,37,30,40,11
18,33,27,31,37,30,40,11,51
33,27,31,37,30,40,11,51,38
27,31,37,30,40,11,51,38,66
31,37,30,40,11,51,38,66,18
37,30,40,11,51,38,66,18,39
30,40,11,51,38,66,18,39,11
40,11,51,38,66,18,39,11,31
11,51,38,66,18,39,11,31,25
44,32,41,83,70,62,59,33,22
32,41,83,70,62,59,33,22,10
41,83,70,62,59,33,22,10,30
83,70,62,59,33,22,10,30,22
70,62,59,33,22,10,30,22,48
62,59,33,22,10,30,22,48,20
59,33,22,10,30,22,48,20,25
33,22,10,30,22,48,20,25,26
22,10,30,22,48,20,25,26,27
10,30,22,48,20,25,26,27,102
30,22,48,20,25,26,27,102,72
22,48,20,25,26,27,102,72,39
48,20,25,26,27,102,72,39,27
20,25,26,27,102,72,39,27,27
25,26,27,102,72,39,27,27,20
16,52,20,3,6,19,7,37,21
52,20,3,6,19,7,37,21,22
20,3,6,19,7,37,21,22,19
3,6,19,7,37,21,22,19,48
6,19,7,37,21,22,19,48,25
19,7,37,21,22,19,48,25,18
7,37,21,22,19,48,25,18,7
37,21,22,19,48,25,18,7,27
21,22,19,48,25,18,7,27,33
22,19,48,25,18,7,27,33,16
19,48,25,18,7,27,33,16,18
48,25,18,7,27,33,16,18,49
25,18,7,27,33,16,18,49,18
18,7,27,33,16,18,49,18,10
7,27,33,16,18,49,18,10,24
19,70,60,94,0,41,68,61,52
70,60,94,0,41,68,61,52,40
60,94,0,41,68,61,52,40,74
94,0,41,68,61,52,40,74,31
0,41,68,61,52,40,74,31,27
41,68,61,52,40,74,31,27,41
68,61,52,40,74,31,27,41,46
61,52,40,74,31,27,41,46,52
52,40,74,31,27,41,46,52,45
40,74,31,27,41,46,52,45,48
74,31,27,41,46,52,45,48,14
31,27,41,46,52,45,48,14,24
27,41,46,52,45,48,14,24,28
41,46,52,45,48,14,24,28,19
46,52,45,48,14,24,28,19,32
16,22,38,49,33,19,23,47,10
22,38,49,33,19,23,47,10,4
38,49,33,19,23,47,10,4,23
49,33,19,23,47,10,4,23,38
33,19,23,47,10,4,23,38,7
19,23,47,10,4,23,38,7,-1
23,47,10,4,23,38,7,-1,17
47,10,4,23,38,7,-1,17,14
10,4,23,38,7,-1,17,14,27
4,23,38,7,-1,17,14,27,14
23,38,7,-1,17,14,27,14,37
38,7,-1,17,14,27,14,37,6
7,-1,17,14,27,14,37,6,7
-1,17,14,27,14,37,6,7,1
17,14,27,14,37,6,7,1,5
18,1,9,1,35,14,4,31,15
1,9,1,35,14,4,31,15,14
9,1,35,14,4,31,15,14,4
1,35,14,4,31,15,14,4,8
35,14,4,31,15,14,4,8,14
14,4,31,15,14,4,8,14,3
4,31,15,14,4,8,14,3,6
31,15,14,4,8,14,3,6,32
15,14,4,8,14,3,6,32,31
14,4,8,14,3,6,32,31,25
4,8,14,3,6,32,31,25,20
8,14,3,6,32,31,25,20,36
14,3,6,32,31,25,20,36,14
3,6,32,31,25,20,36,14,14
6,32,31,25,20,36,14,14,20
1,84,37,28,9,23,16,21,57
84,37,28,9,23,16,21,57,19
37,28,9,23,16,21,57,19,13
28,9,23,16,21,57,19,13,13
9,23,16,21,57,19,13,13,12
23,16,21,57,19,13,13,12,9
16,21,57,19,13,13,12,9,12
21,57,19,13,13,12,9,12,16
57,19,13,13,12,9,12,16,14
19,13,13,12,9,12,16,14,22
13,13,12,9,12,16,14,22,24
13,12,9,12,16,14,22,24,23
12,9,12,16,14,22,24,23,32
9,12,16,14,22,24,23,32,15
12,16,14,22,24,23,32,15,19
5,29,11,16,7,9,1,35,9
29,11,16,7,9,1,35,9,10
11,16,7,9,1,35,9,10,16
16,7,9,1,35,9,10,16,16
7,9,1,35,9,10,16,16,36
9,1,35,9,10,16,16,36,3
1,35,9,10,16,16,36,3,12
35,9,10,16,16,36,3,12,17
9,10,16,16,36,3,12,17,18
10,16,16,36,3,12,17,18,11
16,16,36,3,12,17,18,11,13
16,36,3,12,17,18,11,13,29
36,3,12,17,18,11,13,29,10
3,12,17,18,11,13,29,10,22
12,17,18,11,13,29,10,22,39
22,17,15,13,13,25,11,28,33
17,15,13,13,25,11,28,33,30
15,13,13,25,11,28,33,30,38
13,13,25,11,28,33,30,38,18
13,25,11,28,33,30,38,18,30
25,11,28,33,30,38,18,30,21
11,28,33,30,38,18,30,21,27
28,33,30,38,18,30,21,27,22
33,30,38,18,30,21,27,22,21
30,38,18,30,21,27,22,21,26
38,18,30,21,27,22,21,26,19
18,30,21,27,22,21,26,19,32
30,21,27,22,21,26,19,32,5
21,27,22,21,26,19,32,5,11
27,22,21,26,19,32,5,11,11
56,49,44,24,23,27,65,46,26
49,44,24,23,27,65,46,26,7
44,24,23,27,65,46,26,7,13
24,23,27,65,46,26,7,13,10
23,27,65,46,26,7,13,10,21
27,65,46,26,7,13,10,21,29
65,46,26,7,13,10,21,29,22
46,26,7,13,10,21,29,22,83
26,7,13,10,21,29,22,83,0
7,13,10,21,29,22,83,0,4
13,10,21,29,22,83,0,4,41
10,21,29,22,83,0,4,41,10
21,29,22,83,0,4,41,10,26
29,22,83,0,4,41,10,26,15
22,83,0,4,41,10,26,15,36
6,14,14,38,10,7,24,18,37
14,14,38,10,7,24,18,37,18
14,38,10,7,24,18,37,18,35
38,10,7,24,18,37,18,35,36
10,7,24,18,37,18,35,36,30
7,24,18,37,18,35,36,30,24
24,18,37,18,35,36,30,24,20
18,37,18,35,36,30,24,20,43
37,18,35,36,30,24,20,43,37
18,35,36,30,24,20,43,37,66
35,36,30,24,20,43,37,66,23
36,30,24,20,43,37,66,23,36
30,24,20,43,37,66,23,36,5
24,20,43,37,66,23,36,5,34
20,43,37,66,23,36,5,34,19
41,16,23,90,70,62,61,34,15
16,23,90,70,62,61,34,15,6
23,90,70,62,61,34,15,6,40
90,70,62,61,34,15,6,40,23
70,62,61,34,15,6,40,23,47
62,61,34,15,6,40,23,47,17
61,34,15,6,40,23,47,17,24
34,15,6,40,23,47,17,24,27
15,6,40,23,47,17,24,27,17
6,40,23,47,17,24,27,17,106
40,23,47,17,24,27,17,106,75
23,47,17,24,27,17,106,75,18
47,17,24,27,17,106,75,18,37
17,24,27,17,106,75,18,37,29
24,27,17,106,75,18,37,29,20
19,50,28,5,4,10,8,13,21
50,28,5,4,10,8,13,21,32
28,5,4,10,8,13,21,32,26
5,4,10,8,13,21,32,26,51
4,10,8,13,21,32,26,51,24
10,8,13,21,32,26,51,24,9
8,13,21,32,26,51,24,9,9
13,21,32,26,51,24,9,9,41
21,32,26,51,24,9,9,41,37
32,26,51,24,9,9,41,37,16
26,51,24,9,9,41,37,16,18
51,24,9,9,41,37,16,18,32
24,9,9,41,37,16,18,32,17
9,9,41,37,16,18,32,17,6
9,41,37,16,18,32,17,6,17
14,77,44,85,5,36,69,61,45
77,44,85,5,36,69,61,45,45
44,85,5,36,69,61,45,45,83
85,5,36,69,61,45,45,83,34
5,36,69,61,45,45,83,34,22
36,69,61,45,45,83,34,22,33
69,61,45,45,83,34,22,33,32
61,45,45,83,34,22,33,32,49
45,45,83,34,22,33,32,49,44
45,83,34,22,33,32,49,44,54
83,34,22,33,32,49,44,54,16
34,22,33,32,49,44,54,16,25
22,33,32,49,44,54,16,25,24
33,32,49,44,54,16,25,24,10
32,49,44,54,16,25,24,10,34
12,16,48,50,33,23,21,52,13
16,48,50,33,23,21,52,13,6
48,50,33,23,21,52,13,6,28
50,33,23,21,52,13,6,28,29
33,23,21,52,13,6,28,29,2
23,21,52,13,6,28,29,2,-1
21,52,13,6,28,29,2,-1,24
52,13,6,28,29,2,-1,24,16
13,6,28,29,2,-1,24,16,26
6,28,29,2,-1,24,16,26,12
28,29,2,-1,24,16,26,12,26
29,2,-1,24,16,26,12,26,8
2,-1,24,16,26,12,26,8,0
-1,24,16,26,12,26,8,0,7
24,16,26,12,26,8,0,7,0
9,0,5,9,32,10,6,29,20
0,5,9,32,10,6,29,20,16
5,9,32,10,6,29,20,16,6
9,32,10,6,29,20,16,6,10
32,10,6,29,20,16,6,10,11
10,6,29,20,16,6,10,11,3
6,29,20,16,6,10,11,3,11
29,20,16,6,10,11,3,11,33
20,16,6,10,11,3,11,33,20
16,6,10,11,3,11,33,20,18
6,10,11,3,11,33,20,18,16
10,11,3,11,33,20,18,16,21
11,3,11,33,20,18,16,21,16
3,11,33,20,18,16,21,16,8
11,33,20,18,16,21,16,8,17
6,53,63,29,17,24,14,14,36
53,63,29,17,24,14,14,36,22
63,29,17,24,14,14,36,22,13
29,17,24,14,14,36,22,13,16
17,24,14,14,36,22,13,16,14
24,14,14,36,22,13,16,14,15
14,14,36,22,13,16,14,15,13
14,36,22,13,16,14,15,13,24
36,22,13,16,14,15,13,24,24
22,13,16,14,15,13,24,24,17
13,16,14,15,13,24,24,17,25
16,14,15,13,24,24,17,25,19
14,15,13,24,24,17,25,19,28
15,13,24,24,17,25,19,28,15
13,24,24,17,25,19,28,15,7
4,27,22,13,11,7,2,37,9
27,22,13,11,7,2,37,9,4
22,13,11,7,2,37,9,4,19
13,11,7,2,37,9,4,19,13
11,7,2,37,9,4,19,13,31
7,2,37,9,4,19,13,31,3
2,37,9,4,19,13,31,3,15
37,9,4,19,13,31,3,15,16
9,4,19,13,31,3,15,16,20
4,19,13,31,3,15,16,20,19
19,13,31,3,15,16,20,19,12
13,31,3,15,16,20,19,12,24
31,3,15,16,20,19,12,24,16
3,15,16,20,19,12,24,16,21
15,16,20,19,12,24,16,21,37
12,16,23,13,16,24,18,24,39
16,23,13,16,24,18,24,39,27
23,13,16,24,18,24,39,27,41
13,16,24,18,24,39,27,41,13
16,24,18,24,39,27,41,13,22
24,18,24,39,27,41,13,22,19
18,24,39,27,41,13,22,19,20
24,39,27,41,13,22,19,20,18
39,27,41,13,22,19,20,18,17
27,41,13,22,19,20,18,17,31
41,13,22,19,20,18,17,31,17
13,22,19,20,18,17,31,17,18
22,19,20,18,17,31,17,18,4
19,20,18,17,31,17,18,4,8
20,18,17,31,17,18,4,8,20
43,37,56,20,25,27,54,35,27
37,56,20,25,27,54,35,27,5
56,20,25,27,54,35,27,5,16
20,25,27,54,35,27,5,16,11
25,27,54,35,27,5,16,11,20
27,54,35,27,5,16,11,20,24
54,35,27,5,16,11,20,24,25
35,27,5,16,11,20,24,25,63
27,5,16,11,20,24,25,63,5
5,16,11,20,24,25,63,5,5
16,11,20,24,25,63,5,5,45
11,20,24,25,63,5,5,45,21
20,24,25,63,5,5,45,21,21
24,25,63,5,5,45,21,21,4
25,63,5,5,45,21,21,4,33
11,7,20,33,10,5,21,18,30
7,20,33,10,5,21,18,30,19
20,33,10,5,21,18,30,19,37
33,10,5,21,18,30,19,37,34
10,5,21,18,30,19,37,34,34
5,21,18,30,19,37,34,34,15
21,18,30,19,37,34,34,15,29
18,30,19,37,34,34,15,29,34
30,19,37,34,34,15,29,34,33
19,37,34,34,15,29,34,33,70
37,34,34,15,29,34,33,70,21
34,34,15,29,34,33,70,21,36
34,15,29,34,33,70,21,36,0
15,29,34,33,70,21,36,0,39
29,34,33,70,21,36,0,39,11
30,19,29,75,60,50,43,21,11
19,29,75,60,50,43,21,11,11
29,75,60,50,43,21,11,11,36
75,60,50,43,21,11,11,36,18
60,50,43,21,11,11,36,18,36
50,43,21,11,11,36,18,36,14
43,21,11,11,36,18,36,14,14
21,11,11,36,18,36,14,14,22
11,11,36,18,36,14,14,22,22
11,36,18,36,14,14,22,22,107
36,18,36,14,14,22,22,107,72
18,36,14,14,22,22,107,72,19
36,14,14,22,22,107,72,19,39
14,14,22,22,107,72,19,39,30
14,22,22,107,72,19,39,30,29
17,50,41,9,0,9,8,12,21
50,41,9,0,9,8,12,21,31
41,9,0,9,8,12,21,31,26
9,0,9,8,12,21,31,26,49
0,9,8,12,21,31,26,49,34
9,8,12,21,31,26,49,34,0
8,12,21,31,26,49,34,0,7
12,21,31,26,49,34,0,7,35
21,31,26,49,34,0,7,35,43
31,26,49,34,0,7,35,43,14
26,49,34,0,7,35,43,14,13
49,34,0,7,35,43,14,13,24
34,0,7,35,43,14,13,24,17
0,7,35,43,14,13,24,17,1
7,35,43,14,13,24,17,1,21
10,85,45,68,10,24,57,61,48
85,45,68,10,24,57,61,48,44
45,68,10,24,57,61,48,44,82
68,10,24,57,61,48,44,82,27
10,24,57,61,48,44,82,27,22
24,57,61,48,44,82,27,22,37
57,61,48,44,82,27,22,37,36
61,48,44,82,27,22,37,36,33
48,44,82,27,22,37,36,33,47
44,82,27,22,37,36,33,47,61
82,27,22,37,36,33,47,61,14
27,22,37,36,33,47,61,14,26
22,37,36,33,47,61,14,26,27
37,36,33,47,61,14,26,27,14
36,33,47,61,14,26,27,14,34
22,10,44,42,19,21,14,40,8
10,44,42,19,21,14,40,8,11
44,42,19,21,14,40,8,11,20
42,19,21,14,40,8,11,20,30
19,21,14,40,8,11,20,30,2
21,14,40,8,11,20,30,2,-1
14,40,8,11,20,30,2,-1,19
40,8,11,20,30,2,-1,19,14
8,11,20,30,2,-1,19,14,38
11,20,30,2,-1,19,14,38,4
20,30,2,-1,19,14,38,4,12
30,2,-1,19,14,38,4,12,6
2,-1,19,14,38,4,12,6,6
-1,19,14,38,4,12,6,6,5
19,14,38,4,12,6,6,5,0
20,0,12,9,27,11,15,31,22
0,12,9,27,11,15,31,22,15
12,9,27,11,15,31,22,15,9
9,27,11,15,31,22,15,9,18
27,11,15,31,22,15,9,18,14
11,15,31,22,15,9,18,14,2
15,31,22,15,9,18,14,2,9
31,22,15,9,18,14,2,9,27
22,15,9,18,14,2,9,27,21
15,9,18,14,2,9,27,21,19
9,18,14,2,9,27,21,19,9
18,14,2,9,27,21,19,9,10
14,2,9,27,21,19,9,10,16
2,9,27,21,19,9,10,16,6
9,27,21,19,9,10,16,6,14
18,112,42,25,15,29,13,14,23
112,42,25,15,29,13,14,23,17
42,25,15,29,13,14,23,17,16
25,15,29,13,14,23,17,16,19
15,29,13,14,23,17,16,19,11
29,13,14,23,17,16,19,11,20
13,14,23,17,16,19,11,20,13
14,23,17,16,19,11,20,13,31
23,17,16,19,11,20,13,31,24
17,16,19,11,20,13,31,24,22
16,19,11,20,13,31,24,22,24
19,11,20,13,31,24,22,24,27
11,20,13,31,24,22,24,27,33
20,13,31,24,22,24,27,33,13
13,31,24,22,24,27,33,13,0
2,19,17,6,8,4,0,20,3
19,17,6,8,4,0,20,3,5
17,6,8,4,0,20,3,5,18
6,8,4,0,20,3,5,18,16
8,4,0,20,3,5,18,16,27
4,0,20,3,5,18,16,27,1
0,20,3,5,18,16,27,1,11
20,3,5,18,16,27,1,11,8
3,5,18,16,27,1,11,8,25
5,18,16,27,1,11,8,25,20
18,16,27,1,11,8,25,20,10
16,27,1,11,8,25,20,10,29
27,1,11,8,25,20,10,29,18
1,11,8,25,20,10,29,18,14
11,8,25,20,10,29,18,14,28
11,19,19,11,9,24,18,30,39
19,19,11,9,24,18,30,39,35
19,11,9,24,18,30,39,35,36
11,9,24,18,30,39,35,36,17
9,24,18,30,39,35,36,17,17
24,18,30,39,35,36,17,17,15
18,30,39,35,36,17,17,15,25
30,39,35,36,17,17,15,25,28
39,35,36,17,17,15,25,28,18
35,36,17,17,15,25,28,18,25
36,17,17,15,25,28,18,25,7
17,17,15,25,28,18,25,7,25
17,15,25,28,18,25,7,25,2
15,25,28,18,25,7,25,2,15
25,28,18,25,7,25,2,15,16
35,41,53,14,22,28,46,27,35
41,53,14,22,28,46,27,35,16
53,14,22,28,46,27,35,16,19
14,22,28,46,27,35,16,19,12
22,28,46,27,35,16,19,12,21
28,46,27,35,16,19,12,21,23
46,27,35,16,19,12,21,23,29
27,35,16,19,12,21,23,29,53
35,16,19,12,21,23,29,53,6
16,19,12,21,23,29,53,6,14
19,12,21,23,29,53,6,14,41
12,21,23,29,53,6,14,41,17
21,23,29,53,6,14,41,17,18
23,29,53,6,14,41,17,18,7
29,53,6,14,41,17,18,7,18
11,6,18,24,16,4,26,18,19
6,18,24,16,4,26,18,19,12
18,24,16,4,26,18,19,12,35
24,16,4,26,18,19,12,35,22
16,4,26,18,19,12,35,22,37
4,26,18,19,12,35,22,37,7
26,18,19,12,35,22,37,7,33
18,19,12,35,22,37,7,33,33
19,12,35,22,37,7,33,33,21
12,35,22,37,7,33,33,21,70
35,22,37,7,33,33,21,70,27
22,37,7,33,33,21,70,27,31
37,7,33,33,21,70,27,31,6
7,33,33,21,70,27,31,6,36
33,33,21,70,27,31,6,36,0
24,22,23,85,68,45,39,15,1
22,23,85,68,45,39,15,1,22
23,85,68,45,39,15,1,22,46
85,68,45,39,15,1,22,46,6
68,45,39,15,1,22,46,6,25
45,39,15,1,22,46,6,25,13
39,15,1,22,46,6,25,13,15
15,1,22,46,6,25,13,15,28
1,22,46,6,25,13,15,28,24
22,46,6,25,13,15,28,24,92
46,6,25,13,15,28,24,92,69
6,25,13,15,28,24,92,69,23
25,13,15,28,24,92,69,23,31
13,15,28,24,92,69,23,31,31
15,28,24,92,69,23,31,31,25
18,40,34,4,1,3,13,5,19
40,34,4,1,3,13,5,19,29
34,4,1,3,13,5,19,29,37
4,1,3,13,5,19,29,37,52
1,3,13,5,19,29,37,52,48
3,13,5,19,29,37,52,48,0
13,5,19,29,37,52,48,0,12
5,19,29,37,52,48,0,12,38
19,29,37,52,48,0,12,38,47
29,37,52,48,0,12,38,47,11
37,52,48,0,12,38,47,11,13
52,48,0,12,38,47,11,13,21
48,0,12,38,47,11,13,21,9
0,12,38,47,11,13,21,9,0
12,38,47,11,13,21,9,0,21
6,78,44,49,10,19,49,47,40
78,44,49,10,19,49,47,40,43
44,49,10,19,49,47,40,43,70
49,10,19,49,47,40,43,70,34
10,19,49,47,40,43,70,34,14
19,49,47,40,43,70,34,14,31
49,47,40,43,70,34,14,31,33
47,40,43,70,34,14,31,33,24
40,43,70,34,14,31,33,24,42
43,70,34,14,31,33,24,42,62
70,34,14,31,33,24,42,62,11
34,14,31,33,24,42,62,11,21
14,31,33,24,42,62,11,21,26
31,33,24,42,62,11,21,26,19
33,24,42,62,11,21,26,19,39
24,15,32,38,19,22,26,37,10
15,32,38,19,22,26,37,10,18
32,38,19,22,26,37,10,18,24
38,19,22,26,37,10,18,24,16
19,22,26,37,10,18,24,16,2
22,26,37,10,18,24,16,2,9
26,37,10,18,24,16,2,9,21
37,10,18,24,16,2,9,21,9
10,18,24,16,2,9,21,9,42
18,24,16,2,9,21,9,42,9
24,16,2,9,21,9,42,9,9
16,2,9,21,9,42,9,9,8
2,9,21,9,42,9,9,8,6
9,21,9,42,9,9,8,6,6
21,9,42,9,9,8,6,6,0
18,0,9,9,32,6,13,34,14
0,9,9,32,6,13,34,14,13
9,9,32,6,13,34,14,13,13
9,32,6,13,34,14,13,13,17
32,6,13,34,14,13,13,17,13
6,13,34,14,13,13,17,13,2
13,34,14,13,13,17,13,2,12
34,14,13,13,17,13,2,12,21
14,13,13,17,13,2,12,21,9
13,13,17,13,2,12,21,9,15
13,17,13,2,12,21,9,15,1
17,13,2,12,21,9,15,1,14
13,2,12,21,9,15,1,14,2
2,12,21,9,15,1,14,2,14
12,21,9,15,1,14,2,14,7
16,69,26,12,22,32,4,14,18
69,26,12,22,32,4,14,18,11
26,12,22,32,4,14,18,11,5
12,22,32,4,14,18,11,5,22
22,32,4,14,18,11,5,22,16
32,4,14,18,11,5,22,16,18
4,14,18,11,5,22,16,18,21
14,18,11,5,22,16,18,21,38
18,11,5,22,16,18,21,38,25
11,5,22,16,18,21,38,25,15
5,22,16,18,21,38,25,15,27
22,16,18,21,38,25,15,27,18
16,18,21,38,25,15,27,18,29
18,21,38,25,15,27,18,29,12
21,38,25,15,27,18,29,12,2
6,22,15,3,8,11,0,10,15
22,15,3,8,11,0,10,15,2
15,3,8,11,0,10,15,2,27
3,8,11,0,10,15,2,27,13
8,11,0,10,15,2,27,13,18
11,0,10,15,2,27,13,18,0
0,10,15,2,27,13,18,0,8
10,15,2,27,13,18,0,8,8
15,2,27,13,18,0,8,8,25
2,27,13,18,0,8,8,25,19
27,13,18,0,8,8,25,19,7
13,18,0,8,8,25,19,7,29
18,0,8,8,25,19,7,29,18
0,8,8,25,19,7,29,18,20
8,8,25,19,7,29,18,20,24
10,12,26,15,9,19,27,14,38
12,26,15,9,19,27,14,38,32
26,15,9,19,27,14,38,32,36
15,9,19,27,14,38,32,36,9
9,19,27,14,38,32,36,9,8
19,27,14,38,32,36,9,8,19
27,14,38,32,36,9,8,19,23
14,38,32,36,9,8,19,23,18
38,32,36,9,8,19,23,18,22
32,36,9,8,19,23,18,22,36
36,9,8,19,23,18,22,36,6
9,8,19,23,18,22,36,6,11
8,19,23,18,22,36,6,11,2
19,23,18,22,36,6,11,2,7
23,18,22,36,6,11,2,7,25
26,39,58,17,17,34,33,28,35
39,58,17,17,34,33,28,35,20
58,17,17,34,33,28,35,20,23
17,17,34,33,28,35,20,23,21
17,34,33,28,35,20,23,21,21
34,33,28,35,20,23,21,21,17
33,28,35,20,23,21,21,17,24
28,35,20,23,21,21,17,24,38
35,20,23,21,21,17,24,38,10
20,23,21,21,17,24,38,10,18
23,21,21,17,24,38,10,18,40
21,21,17,24,38,10,18,40,18
21,17,24,38,10,18,40,18,24
17,24,38,10,18,40,18,24,12
24,38,10,18,40,18,24,12,11
8,10,13,24,20,20,34,18,7
10,13,24,20,20,34,18,7,10
13,24,20,20,34,18,7,10,34
24,20,20,34,18,7,10,34,13
20,20,34,18,7,10,34,13,37
20,34,18,7,10,34,13,37,16
34,18,7,10,34,13,37,16,19
18,7,10,34,13,37,16,19,36
7,10,34,13,37,16,19,36,24
10,34,13,37,16,19,36,24,59
34,13,37,16,19,36,24,59,14
13,37,16,19,36,24,59,14,26
37,16,19,36,24,59,14,26,6
16,19,36,24,59,14,26,6,24
19,36,24,59,14,26,6,24,7
13,26,37,82,66,43,38,13,1
26,37,82,66,43,38,13,1,28
37,82,66,43,38,13,1,28,41
82,66,43,38,13,1,28,41,9
66,43,38,13,1,28,41,9,23
43,38,13,1,28,41,9,23,9
38,13,1,28,41,9,23,9,22
13,1,28,41,9,23,9,22,29
1,28,41,9,23,9,22,29,17
28,41,9,23,9,22,29,17,80
41,9,23,9,22,29,17,80,62
9,23,9,22,29,17,80,62,34
23,9,22,29,17,80,62,34,25
9,22,29,17,80,62,34,25,29
22,29,17,80,62,34,25,29,25
12,43,39,8,0,3,4,11,19
43,39,8,0,3,4,11,19,25
39,8,0,3,4,11,19,25,38
8,0,3,4,11,19,25,38,46
0,3,4,11,19,25,38,46,62
3,4,11,19,25,38,46,62,1
4,11,19,25,38,46,62,1,23
11,19,25,38,46,62,1,23,34
19,25,38,46,62,1,23,34,51
25,38,46,62,1,23,34,51,3
38,46,62,1,23,34,51,3,21
46,62,1,23,34,51,3,21,34
62,1,23,34,51,3,21,34,13
1,23,34,51,3,21,34,13,1
23,34,51,3,21,34,13,1,29
10,68,49,16,8,34,45,45,34
68,49,16,8,34,45,45,34,34
49,16,8,34,45,45,34,34,51
16,8,34,45,45,34,34,51,32
8,34,45,45,34,34,51,32,15
34,45,45,34,34,51,32,15,39
45,45,34,34,51,32,15,39,22
45,34,34,51,32,15,39,22,24
34,34,51,32,15,39,22,24,41
34,51,32,15,39,22,24,41,58
51,32,15,39,22,24,41,58,11
32,15,39,22,24,41,58,11,16
15,39,22,24,41,58,11,16,19
39,22,24,41,58,11,16,19,26
22,24,41,58,11,16,19,26,33
39,22,17,29,20,13,21,37,4
22,17,29,20,13,21,37,4,21
17,29,20,13,21,37,4,21,19
29,20,13,21,37,4,21,19,14
20,13,21,37,4,21,19,14,2
13,21,37,4,21,19,14,2,9
21,37,4,21,19,14,2,9,14
37,4,21,19,14,2,9,14,6
4,21,19,14,2,9,14,6,44
21,19,14,2,9,14,6,44,11
19,14,2,9,14,6,44,11,17
14,2,9,14,6,44,11,17,9
2,9,14,6,44,11,17,9,6
9,14,6,44,11,17,9,6,6
14,6,44,11,17,9,6,6,0
26,0,9,0,34,6,16,33,11
0,9,0,34,6,16,33,11,14
9,0,34,6,16,33,11,14,15
0,34,6,16,33,11,14,15,16
34,6,16,33,11,14,15,16,19
6,16,33,11,14,15,16,19,2
16,33,11,14,15,16,19,2,1
33,11,14,15,16,19,2,1,32
11,14,15,16,19,2,1,32,14
14,15,16,19,2,1,32,14,16
15,16,19,2,1,32,14,16,5
16,19,2,1,32,14,16,5,15
19,2,1,32,14,16,5,15,3
2,1,32,14,16,5,15,3,10
1,32,14,16,5,15,3,10,12
24,80,29,6,15,40,7,14,16
80,29,6,15,40,7,14,16,5
29,6,15,40,7,14,16,5,5
6,15,40,7,14,16,5,5,17
15,40,7,14,16,5,5,17,11
40,7,14,16,5,5,17,11,16
7,14,16,5,5,17,11,16,18
14,16,5,5,17,11,16,18,24
16,5,5,17,11,16,18,24,26
5,5,17,11,16,18,24,26,16
5,17,11,16,18,24,26,16,27
17,11,16,18,24,26,16,27,30
11,16,18,24,26,16,27,30,25
16,18,24,26,16,27,30,25,22
18,24,26,16,27,30,25,22,5
4,22,5,4,6,11,3,4,11
22,5,4,6,11,3,4,11,2
5,4,6,11,3,4,11,2,15
4,6,11,3,4,11,2,15,16
6,11,3,4,11,2,15,16,14
11,3,4,11,2,15,16,14,0
3,4,11,2,15,16,14,0,3
4,11,2,15,16,14,0,3,3
11,2,15,16,14,0,3,3,16
2,15,16,14,0,3,3,16,20
15,16,14,0,3,3,16,20,9
16,14,0,3,3,16,20,9,31
14,0,3,3,16,20,9,31,22
0,3,3,16,20,9,31,22,20
3,3,16,20,9,31,22,20,24
8,16,23,9,7,13,22,18,32
16,23,9,7,13,22,18,32,31
23,9,7,13,22,18,32,31,32
9,7,13,22,18,32,31,32,4
7,13,22,18,32,31,32,4,12
13,22,18,32,31,32,4,12,17
22,18,32,31,32,4,12,17,25
18,32,31,32,4,12,17,25,11
32,31,32,4,12,17,25,11,25
31,32,4,12,17,25,11,25,33
32,4,12,17,25,11,25,33,13
4,12,17,25,11,25,33,13,14
12,17,25,11,25,33,13,14,2
17,25,11,25,33,13,14,2,13
25,11,25,33,13,14,2,13,15
21,37,43,20,6,32,30,24,41
37,43,20,6,32,30,24,41,25
43,20,6,32,30,24,41,25,14
20,6,32,30,24,41,25,14,16
6,32,30,24,41,25,14,16,20
32,30,24,41,25,14,16,20,18
30,24,41,25,14,16,20,18,24
24,41,25,14,16,20,18,24,29
41,25,14,16,20,18,24,29,4
25,14,16,20,18,24,29,4,19
14,16,20,18,24,29,4,19,28
16,20,18,24,29,4,19,28,14
20,18,24,29,4,19,28,14,20
18,24,29,4,19,28,14,20,13
24,29,4,19,28,14,20,13,0
6,14,10,24,21,19,29,18,7
14,10,24,21,19,29,18,7,6
10,24,21,19,29,18,7,6,26
24,21,19,29,18,7,6,26,4
21,19,29,18,7,6,26,4,26
19,29,18,7,6,26,4,26,19
29,18,7,6,26,4,26,19,6
18,7,6,26,4,26,19,6,28
7,6,26,4,26,19,6,28,21
6,26,4,26,19,6,28,21,53
26,4,26,19,6,28,21,53,10
4,26,19,6,28,21,53,10,19
26,19,6,28,21,53,10,19,5
19,6,28,21,53,10,19,5,23
6,28,21,53,10,19,5,23,7